ticker,empresa,volume,logo,setor_brapi,tipo,setor_b3,subsetor_b3
GOLL54,GOL Linhas Aereas Inteligentes S.A. Pfd,719654000,https://icons.brapi.dev/icons/BRAPI.svg,Transportation,stock,Bens Industriais,Transporte e Logística
AZUL4,Azul SA Pfd Registered Shs,68554200,https://icons.brapi.dev/icons/AZUL4.svg,Transportation,stock,Bens Industriais,Transporte e Logística
BBAS3,Banco do Brasil S.A.,39368300,https://icons.brapi.dev/icons/BBAS3.svg,Finance,stock,Financeiro e Outros,Bancos e Financeiros
BBDC4,Banco Bradesco SA Pfd,26449500,https://icons.brapi.dev/icons/BBDC4.svg,Finance,stock,Financeiro e Outros,Bancos e Financeiros
COGN3,Cogna Educacao S.A.,25841700,https://icons.brapi.dev/icons/COGN3.svg,Commercial Services,stock,Consumo Cíclico,Serviços Educacionais
B3SA3,"B3 SA - Brasil, Bolsa, Balcao",25530500,https://icons.brapi.dev/icons/B3SA3.svg,Finance,stock,Financeiro e Outros,Bancos e Financeiros
ASAI3,Sendas Distribuidora SA,25054800,https://icons.brapi.dev/icons/ASAI3.svg,Retail Trade,stock,Consumo Cíclico,Comércio Varejista
ABEV3,Ambev SA,24015800,https://icons.brapi.dev/icons/ABEV3.svg,Consumer Non-Durables,stock,Consumo Não Cíclico,"Alimentos, Bebidas e Pessoais"
ITUB4,Itau Unibanco Holding SA Pfd,21931800,https://icons.brapi.dev/icons/ITUB4.svg,Finance,stock,Financeiro e Outros,Bancos e Financeiros
MGLU3,Magazine Luiza S.A.,19670500,https://icons.brapi.dev/icons/MGLU3.svg,Retail Trade,stock,Consumo Cíclico,Comércio Varejista
PETR4,Petroleo Brasileiro SA Pfd,19318400,https://icons.brapi.dev/icons/PETR4.svg,Energy Minerals,stock,"Petróleo, Gás e Biocombustíveis","Petróleo, Gás e Biocombustíveis"
GGBR4,Gerdau S.A. Pfd,18474900,https://icons.brapi.dev/icons/GGBR4.svg,Non-Energy Minerals,stock,Materiais Básicos,Mineração e Siderurgia
RAIZ4,Raizen SA Non-Cum Perp Pfd Registered Shs,18309900,https://icons.brapi.dev/icons/RAIZ4.svg,Retail Trade,stock,Consumo Cíclico,Comércio Varejista
VAMO3,"Vamos Locacao de Caminhoes, Maquinas e Equipamentos SA",17356600,https://icons.brapi.dev/icons/VAMO3.svg,Finance,stock,Financeiro e Outros,Bancos e Financeiros
ITSA4,Itausa SA Non-Cum Perp Pfd Registered Shs,15459800,https://icons.brapi.dev/icons/ITSA4.svg,Finance,stock,Financeiro e Outros,Bancos e Financeiros
CSAN3,Cosan S.A.,14604600,https://icons.brapi.dev/icons/CSAN3.svg,Utilities,stock,"Petróleo, Gás e Biocombustíveis","Petróleo, Gás e Biocombustíveis"
IFCM3,Infracommerce CXAAS SA,14465400,https://icons.brapi.dev/icons/IFCM3.svg,Distribution Services,stock,Consumo Não Cíclico,Comércio e Distribuição
PCAR3,Companhia Brasileira de Distribuicao,12921400,https://icons.brapi.dev/icons/PCAR3.svg,Retail Trade,stock,Consumo Cíclico,Comércio Varejista
VALE3,Vale S.A.,12303800,https://icons.brapi.dev/icons/VALE3.svg,Non-Energy Minerals,stock,Materiais Básicos,Mineração e Siderurgia
BEEF3,Minerva S.A.,11748100,https://icons.brapi.dev/icons/BEEF3.svg,Distribution Services,stock,Consumo Não Cíclico,Comércio e Distribuição
BRFS3,BRF S.A.,10791000,https://icons.brapi.dev/icons/BRFS3.svg,Consumer Non-Durables,stock,Consumo Não Cíclico,"Alimentos, Bebidas e Pessoais"
RADL3,Raia Drogasil S.A.,10702000,https://icons.brapi.dev/icons/RADL3.svg,Retail Trade,stock,Consumo Cíclico,Comércio Varejista
PRIO3,Prio SA,9725800,https://icons.brapi.dev/icons/PRIO3.svg,Energy Minerals,stock,"Petróleo, Gás e Biocombustíveis","Petróleo, Gás e Biocombustíveis"
MRVE3,MRV Engenharia e Participacoes S.A.,9725400,https://icons.brapi.dev/icons/MRVE3.svg,Consumer Durables,stock,Consumo Cíclico,Bens Duráveis
RAIL3,Rumo SA,8888300,https://icons.brapi.dev/icons/RAIL3.svg,Transportation,stock,Bens Industriais,Transporte e Logística
MRFG3,Marfrig Global Foods SA,8434600,https://icons.brapi.dev/icons/MRFG3.svg,Consumer Non-Durables,stock,Consumo Não Cíclico,"Alimentos, Bebidas e Pessoais"
ENEV3,Eneva S.A.,8362000,https://icons.brapi.dev/icons/ENEV3.svg,Utilities,stock,Utilidade Pública,Energia Elétrica
CVCB3,CVC Brasil Operadora e Agencia de Viagens SA,8236000,https://icons.brapi.dev/icons/CVCB3.svg,Consumer Services,stock,Consumo Cíclico,Serviços Educacionais
POMO4,Marcopolo SA Pfd,8140800,https://icons.brapi.dev/icons/POMO4.svg,Producer Manufacturing,stock,Bens Industriais,Máquinas e Equipamentos
KLBN11,Klabin SA Ctf de Deposito de Acoes Cons of 1 Sh + 4 Pfd Shs,7765000,https://icons.brapi.dev/icons/KLBN11.svg,Non-Energy Minerals,fund,Materiais Básicos,Papel e Celulose
CPLE6,Companhia Paranaense de Energia - COPEL Pfd Registered B,7725500,https://icons.brapi.dev/icons/CPLE6.svg,Utilities,stock,Utilidade Pública,Energia Elétrica
VBBR3,Vibra Energia SA,7533500,https://icons.brapi.dev/icons/VBBR3.svg,Retail Trade,stock,Consumo Cíclico,Comércio Varejista
SRNA3,Serena Energia SA,7301600,https://icons.brapi.dev/icons/SRNA3.svg,Utilities,stock,Utilidade Pública,Energia Elétrica
GOAU4,Metalurgica Gerdau SA Pfd,7301300,https://icons.brapi.dev/icons/GOAU4.svg,Non-Energy Minerals,stock,Materiais Básicos,Mineração e Siderurgia
BPAC11,Banco BTG Pactual SA Units Cons of 1 Sh + 2 Pfd Shs A,6734800,https://icons.brapi.dev/icons/BPAC11.svg,Finance,fund,Financeiro e Outros,Bancos e Financeiros
USIM5,Usinas Siderurgicas de Minas Gerais SA-Usiminas Pfd A,6683700,https://icons.brapi.dev/icons/USIM5.svg,Non-Energy Minerals,stock,Materiais Básicos,Mineração e Siderurgia
EMBR3,Embraer S.A.,6557000,https://icons.brapi.dev/icons/EMBR3.svg,Electronic Technology,stock,Bens Industriais,Máquinas e Equipamentos
BBDC3,Banco Bradesco SA,6350900,https://icons.brapi.dev/icons/BBDC3.svg,Finance,stock,Financeiro e Outros,Bancos e Financeiros
CYRE3,Cyrela Brazil Realty SA Empreendimentos e Participacoes,6314000,https://icons.brapi.dev/icons/CYRE3.svg,Finance,stock,Financeiro e Outros,Bancos e Financeiros
CSNA3,Companhia Siderurgica Nacional,6311800,https://icons.brapi.dev/icons/CSNA3.svg,Non-Energy Minerals,stock,Materiais Básicos,Mineração e Siderurgia
ELET3,Centrais Eletricas Brasileiras SA-Eletrobras,6205700,https://icons.brapi.dev/icons/ELET3.svg,Utilities,stock,Utilidade Pública,Energia Elétrica
LREN3,Lojas Renner S.A.,6124800,https://icons.brapi.dev/icons/LREN3.svg,Retail Trade,stock,Consumo Cíclico,Comércio Varejista
BRAV3,Brava Energia,5745800,https://icons.brapi.dev/icons/BRAV3.svg,Energy Minerals,stock,"Petróleo, Gás e Biocombustíveis","Petróleo, Gás e Biocombustíveis"
PETR3,Petroleo Brasileiro SA,5744600,https://icons.brapi.dev/icons/PETR3.svg,Energy Minerals,stock,"Petróleo, Gás e Biocombustíveis","Petróleo, Gás e Biocombustíveis"
YDUQ3,YDUQS Participacoes SA,5378300,https://icons.brapi.dev/icons/YDUQ3.svg,Commercial Services,stock,Consumo Cíclico,Serviços Educacionais
TIMS3,TIM S.A.,5252600,https://icons.brapi.dev/icons/TIMS3.svg,Communications,stock,Comunicações,Telefonia e Mídia
WEGE3,WEG SA,4908900,https://icons.brapi.dev/icons/WEGE3.svg,Producer Manufacturing,stock,Bens Industriais,Máquinas e Equipamentos
CBAV3,Companhia Brasileira de Aluminio,4756600,https://icons.brapi.dev/icons/CBAV3.svg,Non-Energy Minerals,stock,Materiais Básicos,Mineração e Siderurgia
BHIA3,Grupo Casas Bahia S.A.,4719800,https://icons.brapi.dev/icons/BHIA3.svg,Retail Trade,stock,Consumo Cíclico,Comércio Varejista
CMIG4,Companhia Energetica de Minas Gerais SA Pfd,4706500,https://icons.brapi.dev/icons/CMIG4.svg,Utilities,stock,Utilidade Pública,Energia Elétrica
CSMG3,Companhia de Saneamento de Minas Gerais,4540400,https://icons.brapi.dev/icons/CSMG3.svg,Utilities,stock,Utilidade Pública,Saneamento
EQTL3,Equatorial S.A.,4485900,https://icons.brapi.dev/icons/EQTL3.svg,Utilities,stock,Utilidade Pública,Energia Elétrica
BBSE3,BB Seguridade Participacoes SA,4413800,https://icons.brapi.dev/icons/BBSE3.svg,Finance,stock,Financeiro e Outros,Bancos e Financeiros
SUZB3,Suzano S.A.,4190400,https://icons.brapi.dev/icons/SUZB3.svg,Process Industries,stock,Materiais Básicos,Papel e Celulose
NATU3,Natura Cosmeticos SA,4187200,https://icons.brapi.dev/icons/BRAPI.svg,Consumer Non-Durables,stock,Consumo Não Cíclico,"Alimentos, Bebidas e Pessoais"
UGPA3,Ultrapar Participacoes S.A.,4022800,https://icons.brapi.dev/icons/UGPA3.svg,Retail Trade,stock,Consumo Cíclico,Comércio Varejista
DIRR3,Direcional Engenharia S.A.,3919400,https://icons.brapi.dev/icons/DIRR3.svg,Finance,stock,Financeiro,Construção Civil e Imobiliário
CMIN3,CSN Mineracao SA,3849200,https://icons.brapi.dev/icons/CMIN3.svg,Non-Energy Minerals,stock,Materiais Básicos,Mineração e Siderurgia
RAPT4,Randoncorp S.A.,3704700,https://icons.brapi.dev/icons/RAPT4.svg,Producer Manufacturing,stock,Bens Industriais,Máquinas e Equipamentos
GMAT3,Grupo Mateus SA,3635500,https://icons.brapi.dev/icons/GMAT3.svg,Retail Trade,stock,Consumo Cíclico,Comércio Varejista
HYPE3,Hypera S.A.,3632600,https://icons.brapi.dev/icons/HYPE3.svg,Health Technology,stock,Saúde,Saúde Tecnologia
OIBR3,Oi S.A.,3574600,https://icons.brapi.dev/icons/OIBR3.svg,Communications,stock,Comunicações,Telefonia e Mídia
MOTV3,Motiva Infraestrutura de Mobilidade SA,3532600,https://icons.brapi.dev/icons/BRAPI.svg,Transportation,stock,Bens Industriais,Transporte e Logística
CXSE3,Caixa Seguridade Participacoes SA,3520200,https://icons.brapi.dev/icons/CXSE3.svg,Finance,stock,Financeiro e Outros,Bancos e Financeiros
RENT3,Localiza Rent A Car SA,3408600,https://icons.brapi.dev/icons/RENT3.svg,Finance,stock,Financeiro e Outros,Bancos e Financeiros
ECOR3,EcoRodovias Infraestrutura e Logistica S.A.,3332800,https://icons.brapi.dev/icons/ECOR3.svg,Transportation,stock,Bens Industriais,Transporte e Logística
TOTS3,TOTVS S.A.,3263800,https://icons.brapi.dev/icons/TOTS3.svg,Technology Services,stock,Tecnologia da Informação,Serviços de Software
CEAB3,C&A Modas SA,3255600,https://icons.brapi.dev/icons/CEAB3.svg,Retail Trade,stock,Consumo Cíclico,Comércio Varejista
SMFT3,Smartfit Escola de Ginastica e Danca SA,3238300,https://icons.brapi.dev/icons/SMFT3.svg,Consumer Services,stock,Consumo Cíclico,Serviços Educacionais
PETZ3,Pet Center Comercio e Participacoes,3123400,https://icons.brapi.dev/icons/PETZ3.svg,Process Industries,stock,Consumo Cíclico,Comércio Varejista
SIMH3,Simpar SA,3056300,https://icons.brapi.dev/icons/SIMH3.svg,Transportation,stock,Bens Industriais,Transporte e Logística
CASH3,Meliuz SA,2954700,https://icons.brapi.dev/icons/CASH3.svg,Commercial Services,stock,Tecnologia da Informação,Serviços de Software
RDOR3,Rede D'Or Sao Luiz SA,2899400,https://icons.brapi.dev/icons/RDOR3.svg,Health Services,stock,Saúde,Saúde Serviços Médicos
SEQL3,Sequoia Logistica e Transportes SA,2711800,https://icons.brapi.dev/icons/SEQL3.svg,Transportation,stock,Bens Industriais,Transporte e Logística
FLRY3,Fleury SA,2643900,https://icons.brapi.dev/icons/FLRY3.svg,Health Services,stock,Saúde,Saúde Serviços Médicos
LJQQ3,Lojas Quero-Quero SA,2628600,https://icons.brapi.dev/icons/LJQQ3.svg,Retail Trade,stock,Consumo Cíclico,Comércio Varejista
STBP3,Santos Brasil Participacoes SA,2461100,https://icons.brapi.dev/icons/STBP3.svg,Transportation,stock,Bens Industriais,Transporte e Logística
AURE3,Auren Energia SA,2378500,https://icons.brapi.dev/icons/AURE3.svg,Utilities,stock,Utilidade Pública,Energia Elétrica
NEOE3,Neoenergia SA,2289700,https://icons.brapi.dev/icons/NEOE3.svg,Utilities,stock,Utilidade Pública,Energia Elétrica
SLCE3,SLC Agricola S.A.,2284200,https://icons.brapi.dev/icons/SLCE3.svg,Process Industries,stock,Materiais Básicos,"Papel, Química e Outros"
DXCO3,Dexco SA,2220900,https://icons.brapi.dev/icons/DXCO3.svg,Producer Manufacturing,stock,Bens Industriais,Máquinas e Equipamentos
HBRE3,HBR Realty Empreendimentos Imobiliarios SA,2193500,https://icons.brapi.dev/icons/HBRE3.svg,Finance,stock,Financeiro e Outros,Bancos e Financeiros
HAPV3,Hapvida Participacoes e Investimentos SA,2138600,https://icons.brapi.dev/icons/HAPV3.svg,Health Services,stock,Saúde,Saúde Serviços Médicos
GRND3,Grendene S.A.,2110200,https://icons.brapi.dev/icons/GRND3.svg,Consumer Non-Durables,stock,Consumo Cíclico,Bens Duráveis
BRAP4,Bradespar SA Pfd,2093600,https://icons.brapi.dev/icons/BRAP4.svg,Finance,stock,Financeiro e Outros,Bancos e Financeiros
KLBN4,Klabin SA Non-Cum Perp Pfd Registered Shs,2049600,https://icons.brapi.dev/icons/KLBN4.svg,Non-Energy Minerals,stock,Materiais Básicos,Papel e Celulose
ONCO3,Oncoclinicas do Brasil Servicos Medicos SA,2022000,https://icons.brapi.dev/icons/ONCO3.svg,Health Services,stock,Saúde,Saúde Serviços Médicos
MOVI3,Movida Participacoes SA,1931500,https://icons.brapi.dev/icons/MOVI3.svg,Finance,stock,Financeiro e Outros,Bancos e Financeiros
MULT3,Multiplan Empreendimentos Imobiliarios SA,1921800,https://icons.brapi.dev/icons/MULT3.svg,Finance,stock,Financeiro e Outros,Bancos e Financeiros
AZTE3,Azevedo & Travassos Energia S.A,1868800,https://icons.brapi.dev/icons/AZTE3.svg,Industrial Services,stock,Bens Industriais,Serviços Industriais
HBSA3,Hidrovias do Brasil SA,1849000,https://icons.brapi.dev/icons/HBSA3.svg,Transportation,stock,Bens Industriais,Transporte e Logística
VVEO3,CM Hospitalar SA,1847600,https://icons.brapi.dev/icons/VVEO3.svg,Distribution Services,stock,Consumo Não Cíclico,Comércio e Distribuição
LIGT3,Light S.A.,1825600,https://icons.brapi.dev/icons/LIGT3.svg,Utilities,stock,Utilidade Pública,Energia Elétrica
VIVA3,Vivara Participacoes SA,1787000,https://icons.brapi.dev/icons/VIVA3.svg,Consumer Durables,stock,Consumo Cíclico,Bens Duráveis
SBSP3,Companhia de Saneamento Basico do Estado de Sao Paulo SABESP,1778400,https://icons.brapi.dev/icons/SBSP3.svg,Utilities,stock,Utilidade Pública,Saneamento
CPLE3,Companhia Paranaense de Energia,1758000,https://icons.brapi.dev/icons/CPLE3.svg,Utilities,stock,Utilidade Pública,Energia Elétrica
ALOS3,Allos S.A.,1713700,https://icons.brapi.dev/icons/ALOS3.svg,Finance,stock,Financeiro e Outros,Bancos e Financeiros
BRKM5,Braskem S.A. Pfd A,1665900,https://icons.brapi.dev/icons/BRKM5.svg,Process Industries,stock,Materiais Básicos,"Papel, Química e Outros"
IGTI11,Iguatemi SA Units Cons of 1 Sh + 2 Pfd Shs,1656400,https://icons.brapi.dev/icons/IGTI11.svg,Finance,fund,Financeiro e Outros,Bancos e Financeiros
VIVT3,Telefonica Brasil S.A.,1645200,https://icons.brapi.dev/icons/VIVT3.svg,Communications,stock,Comunicações,Telefonia e Mídia
RECV3,Petroreconcavo SA,1625900,https://icons.brapi.dev/icons/RECV3.svg,Energy Minerals,stock,"Petróleo, Gás e Biocombustíveis","Petróleo, Gás e Biocombustíveis"
LWSA3,LWSA S.A.,1604300,https://icons.brapi.dev/icons/LWSA3.svg,Technology Services,stock,Tecnologia da Informação,Serviços de Software
ENGI11,Energisa SA Units Cons of 1 Sh + 4 Pfd Shs,1600500,https://icons.brapi.dev/icons/ENGI11.svg,Utilities,fund,Utilidade Pública,Energia Elétrica
MLAS3,Multi Group S.A,1540900,https://icons.brapi.dev/icons/MLAS3.svg,Electronic Technology,stock,Tecnologia da Informação,Hardware e Equipamentos
BPAN4,Banco Pan S.A. Pfd Shs,1529300,https://icons.brapi.dev/icons/BPAN4.svg,Finance,stock,Financeiro e Outros,Bancos e Financeiros
CURY3,Cury Construtora e Incorporadora SA,1522700,https://icons.brapi.dev/icons/CURY3.svg,Finance,stock,Financeiro e Outros,Bancos e Financeiros
QUAL3,Qualicorp Consultoria e Corretora de Seguros S.A.,1521900,https://icons.brapi.dev/icons/QUAL3.svg,Health Services,stock,Saúde,Saúde Serviços Médicos
TEND3,Construtora Tenda SA,1503200,https://icons.brapi.dev/icons/TEND3.svg,Finance,stock,Financeiro,Construção Civil e Imobiliário
ALPA4,Alpargatas SA Pfd,1476900,https://icons.brapi.dev/icons/ALPA4.svg,Consumer Non-Durables,stock,Consumo Não Cíclico,"Alimentos, Bebidas e Pessoais"
SANB11,Banco Santander (Brasil) S.A. Units Cons of 1 Sh + 1 Pfd Sh,1475800,https://icons.brapi.dev/icons/SANB11.svg,Finance,fund,Financeiro e Outros,Bancos e Financeiros
ARML3,Armac Locacao Logistica e Servicos SA,1468600,https://icons.brapi.dev/icons/ARML3.svg,Finance,stock,Bens Industriais,Máquinas e Equipamentos
JHSF3,JHSF Participacoes S.A.,1465700,https://icons.brapi.dev/icons/JHSF3.svg,Finance,stock,Financeiro e Outros,Bancos e Financeiros
RCSL4,Recrusul SA Pfd,1441300,https://icons.brapi.dev/icons/RCSL4.svg,Producer Manufacturing,stock,Bens Industriais,Máquinas e Equipamentos
HBOR3,Helbor Empreendimentos S.A.,1441000,https://icons.brapi.dev/icons/HBOR3.svg,Consumer Durables,stock,Financeiro,Construção Civil e Imobiliário
SBFG3,Grupo SBF S.A.,1397400,https://icons.brapi.dev/icons/SBFG3.svg,Retail Trade,stock,Consumo Cíclico,Comércio Varejista
CPFE3,CPFL Energia S.A.,1389500,https://icons.brapi.dev/icons/CPFE3.svg,Utilities,stock,Utilidade Pública,Energia Elétrica
SMTO3,Sao Martinho S.A.,1316700,https://icons.brapi.dev/icons/SMTO3.svg,Process Industries,stock,Materiais Básicos,"Papel, Química e Outros"
INTB3,Intelbras SA Industria de Telecomunicacao Eletronica Brasileir,1283800,https://icons.brapi.dev/icons/INTB3.svg,Technology Services,stock,Tecnologia da Informação,Serviços de Software
PDGR3,PDG Realty SA Empreendimentos e Participacoes,1261900,https://icons.brapi.dev/icons/PDGR3.svg,Finance,stock,Financeiro e Outros,Bancos e Financeiros
PGMN3,Empreendimentos Pague Menos SA,1219800,https://icons.brapi.dev/icons/PGMN3.svg,Retail Trade,stock,Consumo Cíclico,Comércio Varejista
PLPL3,Plano & Plano Desenvolvimento Imobiliario Ltda,1198200,https://icons.brapi.dev/icons/PLPL3.svg,Finance,stock,Financeiro e Outros,Bancos e Financeiros
BRSR6,Banco do Estado do Rio Grande do Sul SA Pfd Series B,1191000,https://icons.brapi.dev/icons/BRSR6.svg,Finance,stock,Financeiro e Outros,Bancos e Financeiros
TAEE11,Transmissora Alianca De Energia Eletrica S.A. Unit,1135300,https://icons.brapi.dev/icons/TAEE11.svg,Industrial Services,fund,Utilidade Pública,Energia Elétrica
VULC3,Vulcabras SA,1107600,https://icons.brapi.dev/icons/VULC3.svg,Consumer Non-Durables,stock,Consumo Cíclico,Bens Duráveis
GGPS3,GPS Participacoes e Empreendimentos SA,1060800,https://icons.brapi.dev/icons/GGPS3.svg,Commercial Services,stock,Consumo Cíclico,Serviços Comerciais
AZEV3,Azevedo & Travassos SA,1027600,https://icons.brapi.dev/icons/AZEV3.svg,Industrial Services,stock,Bens Industriais,Serviços Industriais
ISAE4,Isa Energia Brasil SA Non-Cum Perp Pfd Registered Shs,1023800,https://icons.brapi.dev/icons/ISAE4.svg,Utilities,stock,Utilidade Pública,Energia Elétrica
AMER3,Americanas SA,1023500,https://icons.brapi.dev/icons/AMER3.svg,Retail Trade,stock,Consumo Cíclico,Comércio Varejista
EZTC3,EZ TEC Empreendimentos e Participacoes SA,1019200,https://icons.brapi.dev/icons/EZTC3.svg,Finance,stock,Financeiro e Outros,Bancos e Financeiros
ODPV3,OdontoPrev S.A.,1013300,https://icons.brapi.dev/icons/ODPV3.svg,Health Services,stock,Saúde,Saúde Serviços Médicos
DASA3,Diagnosticos da America S.A.,1012200,https://icons.brapi.dev/icons/DASA3.svg,Health Services,stock,Saúde,Saúde Serviços Médicos
AZZA3,Azzas 2154 SA,1009900,https://icons.brapi.dev/icons/AZZA3.svg,Consumer Non-Durables,stock,Consumo Não Cíclico,"Alimentos, Bebidas e Pessoais"
KEPL3,Kepler Weber SA,965400,https://icons.brapi.dev/icons/KEPL3.svg,Producer Manufacturing,stock,Bens Industriais,Máquinas e Equipamentos
PSSA3,Porto Seguro S.A.,924300,https://icons.brapi.dev/icons/PSSA3.svg,Finance,stock,Financeiro e Outros,Bancos e Financeiros
POSI3,Positivo Tecnologia SA,910300,https://icons.brapi.dev/icons/POSI3.svg,Electronic Technology,stock,Tecnologia da Informação,Hardware e Equipamentos
SAPR11,Companhia de Saneamento do Parana - Sanepar Units Cons of 1 Sh + 4 Pfd Shs,901600,https://icons.brapi.dev/icons/SAPR11.svg,Utilities,fund,Utilidade Pública,Saneamento
SYNE3,Syn Prop e Tech SA,786600,https://icons.brapi.dev/icons/SYNE3.svg,Finance,stock,Financeiro e Outros,Bancos e Financeiros
MILS3,Mills Locacao Servicos e Logistica S.A.,784300,https://icons.brapi.dev/icons/MILS3.svg,Finance,stock,Bens Industriais,Serviços Industriais
PMAM3,Paranapanema S.A.,758900,https://icons.brapi.dev/icons/PMAM3.svg,Non-Energy Minerals,stock,Materiais Básicos,Mineração e Siderurgia
ESPA3,MPM Corporeos SA,756600,https://icons.brapi.dev/icons/ESPA3.svg,Consumer Services,stock,Consumo Cíclico,Serviços Educacionais
GUAR3,Guararapes Confeccoes S.A.,745500,https://icons.brapi.dev/icons/GUAR3.svg,Distribution Services,stock,Consumo Não Cíclico,Comércio e Distribuição
ELET6,Centrais Eletricas Brasileiras SA-Eletrobras Pfd B,732600,https://icons.brapi.dev/icons/ELET6.svg,Utilities,stock,Utilidade Pública,Energia Elétrica
ITUB3,Itau Unibanco Holding S.A.,699100,https://icons.brapi.dev/icons/ITUB3.svg,Finance,stock,Financeiro e Outros,Bancos e Financeiros
ALUP11,Alupar Investimento SA Unit Cons of 1 Sh + 2 Pfd Shs,666400,https://icons.brapi.dev/icons/ALUP11.svg,Utilities,fund,Utilidade Pública,Energia Elétrica
JALL3,Jalles Machado SA,665900,https://icons.brapi.dev/icons/JALL3.svg,Process Industries,stock,Materiais Básicos,"Papel, Química e Outros"
POMO3,Marcopolo SA,665300,https://icons.brapi.dev/icons/POMO3.svg,Producer Manufacturing,stock,Bens Industriais,Máquinas e Equipamentos
SAPR4,Companhia de Saneamento do Parana - Sanepar Non-Cum Perp Pfd Registered Shs,649400,https://icons.brapi.dev/icons/SAPR4.svg,Utilities,stock,Utilidade Pública,Saneamento
FRAS3,Fras-Le S.A.,633800,https://icons.brapi.dev/icons/FRAS3.svg,Producer Manufacturing,stock,Bens Industriais,Máquinas e Equipamentos
ITSA3,Itausa SA,622000,https://icons.brapi.dev/icons/ITSA3.svg,Finance,stock,Financeiro e Outros,Bancos e Financeiros
LAVV3,LAVVI Empreendimentos Imobiliarios SA,592100,https://icons.brapi.dev/icons/LAVV3.svg,Finance,stock,Financeiro,Construção Civil e Imobiliário
KLBN3,Klabin SA,581700,https://icons.brapi.dev/icons/KLBN3.svg,Non-Energy Minerals,stock,Materiais Básicos,Papel e Celulose
VIVR3,Viver Incorporadora e Construtora S.A.,579600,https://icons.brapi.dev/icons/VIVR3.svg,Consumer Durables,stock,Consumo Cíclico,Bens Duráveis
ZAMP3,ZAMP SA,568200,https://icons.brapi.dev/icons/ZAMP3.svg,Consumer Services,stock,Consumo Cíclico,Serviços Educacionais
CAML3,Camil Alimentos SA,564700,https://icons.brapi.dev/icons/CAML3.svg,Process Industries,stock,Materiais Básicos,"Papel, Química e Outros"
TTEN3,Tres Tentos Agroindustrial SA,507100,https://icons.brapi.dev/icons/TTEN3.svg,Commercial Services,stock,Consumo Cíclico,Serviços Educacionais
MTRE3,Mitre Realty Empreendimentos e Participacoes SA,496000,https://icons.brapi.dev/icons/MTRE3.svg,Finance,stock,Financeiro e Outros,Bancos e Financeiros
SHUL4,Schulz S.A.Non-Cum Perp Pfd Registered Shs,478600,https://icons.brapi.dev/icons/SHUL4.svg,Producer Manufacturing,stock,Bens Industriais,Máquinas e Equipamentos
PNVL3,Dimed S.A. Distribuidora de Medicamentos,475700,https://icons.brapi.dev/icons/PNVL3.svg,Retail Trade,stock,Consumo Cíclico,Comércio Varejista
TUPY3,Tupy S.A.,474400,https://icons.brapi.dev/icons/TUPY3.svg,Producer Manufacturing,stock,Bens Industriais,Máquinas e Equipamentos
TRIS3,Trisul S.A.,472300,https://icons.brapi.dev/icons/TRIS3.svg,Consumer Durables,stock,Financeiro,Construção Civil e Imobiliário
IRBR3,IRB Brasil Resseguros SA,462300,https://icons.brapi.dev/icons/IRBR3.svg,Finance,stock,Financeiro e Outros,Bancos e Financeiros
EVEN3,Even Construtora E Incorporadora S.A.,450300,https://icons.brapi.dev/icons/EVEN3.svg,Finance,stock,Financeiro,Construção Civil e Imobiliário
TOKY3,Grupo Toky SA,434800,https://icons.brapi.dev/icons/BRAPI.svg,Technology Services,stock,Tecnologia da Informação,Serviços de Software
RCSL3,Recrusul SA,432300,https://icons.brapi.dev/icons/RCSL3.svg,Producer Manufacturing,stock,Bens Industriais,Máquinas e Equipamentos
AZEV4,Azevedo & Travassos SA Pfd,422000,https://icons.brapi.dev/icons/AZEV4.svg,Industrial Services,stock,Bens Industriais,Serviços Industriais
RANI3,Irani Papel e Embalagem SA,417900,https://icons.brapi.dev/icons/RANI3.svg,Process Industries,stock,Materiais Básicos,"Papel, Química e Outros"
USIM3,Usinas Siderurgicas de Minas Gerais SA-Usiminas,413500,https://icons.brapi.dev/icons/USIM3.svg,Non-Energy Minerals,stock,Materiais Básicos,Mineração e Siderurgia
ENJU3,Enjoei SA,410700,https://icons.brapi.dev/icons/ENJU3.svg,Retail Trade,stock,Consumo Cíclico,Comércio Varejista
MDIA3,M. Dias Branco SA Industria e Comercio de Alimentos,406400,https://icons.brapi.dev/icons/MDIA3.svg,Consumer Non-Durables,stock,Consumo Não Cíclico,"Alimentos, Bebidas e Pessoais"
JSLG3,JSL S.A.,393300,https://icons.brapi.dev/icons/JSLG3.svg,Transportation,stock,Bens Industriais,Transporte e Logística
EGIE3,ENGIE Brasil Energia S.A.,389000,https://icons.brapi.dev/icons/EGIE3.svg,Utilities,stock,Utilidade Pública,Energia Elétrica
PORT3,Wilson Sons Holdings Brasil SA,365700,https://icons.brapi.dev/icons/PORT3.svg,Transportation,stock,Bens Industriais,Transporte e Logística
FESA4,Cia de Ferro Ligas da Bahia-Ferbasa Pfd,360100,https://icons.brapi.dev/icons/FESA4.svg,Non-Energy Minerals,stock,Materiais Básicos,Mineração e Siderurgia
PINE4,Banco PINE S.A. Pfd,337700,https://icons.brapi.dev/icons/PINE4.svg,Finance,stock,Financeiro e Outros,Bancos e Financeiros
WIZC3,WIZ Co Participacoes e Corretagem de Seguros SA,333900,https://icons.brapi.dev/icons/WIZC3.svg,Finance,stock,Financeiro e Outros,Bancos e Financeiros
OPCT3,OceanPact Servicos Maritimos SA,329200,https://icons.brapi.dev/icons/OPCT3.svg,Commercial Services,stock,Consumo Cíclico,Serviços Comerciais
MYPK3,Iochpe Maxion S.A.,326000,https://icons.brapi.dev/icons/MYPK3.svg,Producer Manufacturing,stock,Bens Industriais,Máquinas e Equipamentos
BRST3,Brisanet Servicos de Telecomunicacoes S.A.,322500,https://icons.brapi.dev/icons/BRST3.svg,Communications,stock,Comunicações,Telefonia e Mídia
GFSA3,Gafisa S.A.,314900,https://icons.brapi.dev/icons/GFSA3.svg,Finance,stock,Financeiro e Outros,Bancos e Financeiros
FIQE3,Unifique Telecomunicacoes SA,295500,https://icons.brapi.dev/icons/FIQE3.svg,Communications,stock,Comunicações,Telefonia e Mídia
SOJA3,Boa Safra Sementes SA,289600,https://icons.brapi.dev/icons/SOJA3.svg,Process Industries,stock,Materiais Básicos,"Papel, Química e Outros"
SEER3,Grupo Ser Educacional SA,287700,https://icons.brapi.dev/icons/SEER3.svg,Consumer Services,stock,Consumo Cíclico,Serviços Educacionais
MELK3,Melnick Desenvolvimento Imobiliario SA,282500,https://icons.brapi.dev/icons/MELK3.svg,Industrial Services,stock,Bens Industriais,Serviços Industriais
AMBP3,Ambipar Participacoes e Empreendimentos SA,281600,https://icons.brapi.dev/icons/AMBP3.svg,Commercial Services,stock,Consumo Cíclico,Serviços Comerciais
VITT3,Vittia S.A.,278700,https://icons.brapi.dev/icons/VITT3.svg,Process Industries,stock,Materiais Básicos,"Papel, Química e Outros"
LOGG3,Log Commercial Properties e Participacoes SA,261100,https://icons.brapi.dev/icons/LOGG3.svg,Industrial Services,stock,Bens Industriais,Serviços Industriais
TASA4,Taurus Armas S.A. Pfd,260700,https://icons.brapi.dev/icons/TASA4.svg,Electronic Technology,stock,Bens Industriais,Máquinas e Equipamentos
MDNE3,Moura Dubeux Engenharia SA,260200,https://icons.brapi.dev/icons/MDNE3.svg,Finance,stock,Financeiro e Outros,Bancos e Financeiros
ORVR3,Orizon Valorizacao de Residuos SA,248200,https://icons.brapi.dev/icons/ORVR3.svg,Utilities,stock,Utilidade Pública,Energia Elétrica
UNIP6,Unipar Carbocloro SA Pfd Class B,243900,https://icons.brapi.dev/icons/UNIP6.svg,Process Industries,stock,Materiais Básicos,"Papel, Química e Outros"
MATD3,Hospital Mater Dei SA,236200,https://icons.brapi.dev/icons/MATD3.svg,Health Services,stock,Saúde,Saúde Serviços Médicos
ALPK3,Allpark Empreendimentos Participacoes e Servicos S.A.,235100,https://icons.brapi.dev/icons/ALPK3.svg,Consumer Services,stock,Consumo Cíclico,Serviços Educacionais
ABCB4,Banco ABC Brasil SA Conv Pfd,234100,https://icons.brapi.dev/icons/ABCB4.svg,Finance,stock,Financeiro e Outros,Bancos e Financeiros
BRBI11,BRBI BR Partners S.A. Units Cons of 1 Sh and 2 Pfd Shs,219500,https://icons.brapi.dev/icons/BRBI11.svg,Finance,fund,Financeiro e Outros,Bancos e Financeiros
BMOB3,Bemobi Mobile Tech SA,212800,https://icons.brapi.dev/icons/BMOB3.svg,Technology Services,stock,Tecnologia da Informação,Serviços de Software
TFCO4,Track & Field Co SA Pfd Registered Shs,209600,https://icons.brapi.dev/icons/TFCO4.svg,Retail Trade,stock,Consumo Cíclico,Comércio Varejista
BMGB4,Banco Bmg SA BMG Pfd Registered Shs -144A- Reg S,185100,https://icons.brapi.dev/icons/BMGB4.svg,Finance,stock,Financeiro e Outros,Bancos e Financeiros
PRNR3,Priner Servicos Industriais SA,177800,https://icons.brapi.dev/icons/PRNR3.svg,Industrial Services,stock,Bens Industriais,Serviços Industriais
SAPR3,Companhia de Saneamento do Parana - Sanepar,171600,https://icons.brapi.dev/icons/SAPR3.svg,Utilities,stock,Utilidade Pública,Saneamento
PFRM3,Profarma Distribuidora de Produtos Farmaceuticos SA,167300,https://icons.brapi.dev/icons/PFRM3.svg,Distribution Services,stock,Consumo Não Cíclico,Comércio e Distribuição
PTBL3,PBG S.A.Registered Shs,164600,https://icons.brapi.dev/icons/PTBL3.svg,Producer Manufacturing,stock,Bens Industriais,Máquinas e Equipamentos
LEVE3,Mahle-Metal Leve S.A.,151400,https://icons.brapi.dev/icons/LEVE3.svg,Producer Manufacturing,stock,Bens Industriais,Máquinas e Equipamentos
SANB4,Banco Santander (Brasil) SA Pfd,147600,https://icons.brapi.dev/icons/SANB4.svg,Finance,stock,Financeiro e Outros,Bancos e Financeiros
ALLD3,Allied Tecnologia SA,141500,https://icons.brapi.dev/icons/ALLD3.svg,Technology Services,stock,Tecnologia da Informação,Serviços de Software
BLAU3,Blau Farmaceutica SA,141200,https://icons.brapi.dev/icons/BLAU3.svg,Health Technology,stock,Saúde,Saúde Tecnologia
VLID3,Valid Solucoes SA,138400,https://icons.brapi.dev/icons/VLID3.svg,Commercial Services,stock,Tecnologia da Informação,Serviços de Software
AGRO3,BrasilAgro Cia Brasileira de Propriedades Agricolas,138100,https://icons.brapi.dev/icons/AGRO3.svg,Finance,stock,Consumo Não Cíclico,"Alimentos, Bebidas e Pessoais"
TGMA3,Tegma Gestao Logistica S.A.,133000,https://icons.brapi.dev/icons/TGMA3.svg,Transportation,stock,Bens Industriais,Transporte e Logística
CSED3,Cruzeiro do Sul Educacional SA,129500,https://icons.brapi.dev/icons/CSED3.svg,Consumer Services,stock,Consumo Cíclico,Serviços Educacionais
OIBR4,Oi S.A.Non-Cum Perp Pfd Registered Shs,124800,https://icons.brapi.dev/icons/OIBR4.svg,Communications,stock,Comunicações,Telefonia e Mídia
TAEE4,Transmissora Alianca De Energia Eletrica S.A. Pfd,116500,https://icons.brapi.dev/icons/TAEE4.svg,Industrial Services,stock,Utilidade Pública,Energia Elétrica
AMAR3,Marisa Lojas S.A.,112300,https://icons.brapi.dev/icons/AMAR3.svg,Retail Trade,stock,Consumo Cíclico,Comércio Varejista
CMIG3,Companhia Energetica de Minas Gerais SA,109900,https://icons.brapi.dev/icons/CMIG3.svg,Utilities,stock,Utilidade Pública,Energia Elétrica
ROMI3,Romi SA,104700,https://icons.brapi.dev/icons/ROMI3.svg,Producer Manufacturing,stock,Bens Industriais,Máquinas e Equipamentos
SHOW3,T4F Entretenimento S.A.,104200,https://icons.brapi.dev/icons/SHOW3.svg,Consumer Services,stock,Consumo Cíclico,Serviços Educacionais
TCSA3,Tecnisa S.A.,101100,https://icons.brapi.dev/icons/TCSA3.svg,Finance,stock,Financeiro e Outros,Bancos e Financeiros
DMVF3,D1000 Varejo Farma Participacoes SA,93800,https://icons.brapi.dev/icons/DMVF3.svg,Distribution Services,stock,Consumo Não Cíclico,Comércio e Distribuição
VTRU3,"Vitru Brasil Empreendimentos, Participacoes e Comercio S.A.",88500,https://icons.brapi.dev/icons/VTRU3.svg,Commercial Services,stock,Consumo Cíclico,Serviços Comerciais
ETER3,Eternit S.A.,88200,https://icons.brapi.dev/icons/ETER3.svg,Non-Energy Minerals,stock,Materiais Básicos,Mineração e Siderurgia
IGTI3,Iguatemi SA,84600,https://icons.brapi.dev/icons/IGTI3.svg,Finance,stock,Financeiro e Outros,Bancos e Financeiros
MEAL3,International Meal Company Alimentacao SA,81100,https://icons.brapi.dev/icons/MEAL3.svg,Consumer Non-Durables,stock,Consumo Não Cíclico,"Alimentos, Bebidas e Pessoais"
GGBR3,Gerdau S.A.,75600,https://icons.brapi.dev/icons/GGBR3.svg,Non-Energy Minerals,stock,Materiais Básicos,Mineração e Siderurgia
AERI3,Aeris Industria e Comercio de Equipamentos para Geracao deEnergia S.A.,67300,https://icons.brapi.dev/icons/AERI3.svg,Producer Manufacturing,stock,Bens Industriais,Máquinas e Equipamentos
TAEE3,Transmissora Alianca De Energia Eletrica S.A.,61200,https://icons.brapi.dev/icons/TAEE3.svg,Industrial Services,stock,Utilidade Pública,Energia Elétrica
WEST3,Westwing Comercio Varejista SA,56900,https://icons.brapi.dev/icons/WEST3.svg,Retail Trade,stock,Consumo Cíclico,Comércio Varejista
LPSB3,LPS Brasil-Consultoria de Imoveis SA,55200,https://icons.brapi.dev/icons/LPSB3.svg,Commercial Services,stock,Financeiro,Construção Civil e Imobiliário
AALR3,Allianca Saude e Participacoes SA - ALLIAR,54900,https://icons.brapi.dev/icons/AALR3.svg,Health Services,stock,Saúde,Saúde Serviços Médicos
LVTC3,Livetech da Bahia Industria e Comercio SA,53600,https://icons.brapi.dev/icons/LVTC3.svg,Distribution Services,stock,Consumo Não Cíclico,Comércio e Distribuição
DEXP3,Dexxos Participacoes SA,52700,https://icons.brapi.dev/icons/DEXP3.svg,Process Industries,stock,Materiais Básicos,"Papel, Química e Outros"
DESK3,Desktop SA,51100,https://icons.brapi.dev/icons/DESK3.svg,Communications,stock,Comunicações,Telefonia e Mídia
SCAR3,Sao Carlos Empreendimentos e Participacoes SA,50600,https://icons.brapi.dev/icons/SCAR3.svg,Finance,stock,Financeiro,Construção Civil e Imobiliário
VSTE3,Veste S.A. Estilo,48200,https://icons.brapi.dev/icons/VSTE3.svg,Consumer Non-Durables,stock,Consumo Não Cíclico,"Alimentos, Bebidas e Pessoais"
LAND3,Terra Santa Propriedades Agricolas SA,47300,https://icons.brapi.dev/icons/LAND3.svg,Finance,stock,Financeiro,Construção Civil e Imobiliário
TECN3,Technos S.A.,35000,https://icons.brapi.dev/icons/TECN3.svg,Consumer Durables,stock,Consumo Cíclico,Bens Duráveis
SANB3,Banco Santander (Brasil) S.A.,33800,https://icons.brapi.dev/icons/SANB3.svg,Finance,stock,Financeiro e Outros,Bancos e Financeiros
PDTC3,Padtec Holding SA,31700,https://icons.brapi.dev/icons/PDTC3.svg,Electronic Technology,stock,Tecnologia da Informação,Hardware e Equipamentos
RNEW4,Renova Energia S.A. Pfd,31400,https://icons.brapi.dev/icons/RNEW4.svg,Utilities,stock,Utilidade Pública,Energia Elétrica
LUPA3,Lupatech S.A.,30400,https://icons.brapi.dev/icons/LUPA3.svg,Producer Manufacturing,stock,Bens Industriais,Máquinas e Equipamentos
RAPT3,Randoncorp S.A.,30400,https://icons.brapi.dev/icons/RAPT3.svg,Producer Manufacturing,stock,Bens Industriais,Máquinas e Equipamentos
EUCA4,Eucatex S.A. Industria E Comercio Non-Cum Perp Pfd Registered Shs,30200,https://icons.brapi.dev/icons/EUCA4.svg,Non-Energy Minerals,stock,Materiais Básicos,Papel e Celulose
CAMB3,Cambuci SA,29800,https://icons.brapi.dev/icons/CAMB3.svg,Consumer Non-Durables,stock,Consumo Não Cíclico,"Alimentos, Bebidas e Pessoais"
BOBR4,Bombril S.A.Non-Cum Perp Pfd Registered Shs,28800,https://icons.brapi.dev/icons/BOBR4.svg,Consumer Non-Durables,stock,Consumo Não Cíclico,"Alimentos, Bebidas e Pessoais"
AMOB3,Automob Participacoes S.A,28400,https://icons.brapi.dev/icons/AMOB3.svg,Retail Trade,stock,Consumo Cíclico,Comércio Varejista
RNEW3,Renova Energia S.A.,28000,https://icons.brapi.dev/icons/RNEW3.svg,Utilities,stock,Utilidade Pública,Energia Elétrica
TPIS3,TPI - Triunfo Participacoes e Investimentos SA,24400,https://icons.brapi.dev/icons/TPIS3.svg,Transportation,stock,Bens Industriais,Transporte e Logística
BEES3,Banestes S.A. - Banco do Estado do Espirito Santo,22200,https://icons.brapi.dev/icons/BEES3.svg,Finance,stock,Financeiro e Outros,Bancos e Financeiros
AGXY3,Agrogalaxy Participacoes SA,20400,https://icons.brapi.dev/icons/AGXY3.svg,Distribution Services,stock,Consumo Não Cíclico,Comércio e Distribuição
GOAU3,Metalurgica Gerdau S.A.,20200,https://icons.brapi.dev/icons/GOAU3.svg,Non-Energy Minerals,stock,Materiais Básicos,Mineração e Siderurgia
JFEN3,Joao Fortes Engenharia S.A.,19500,https://icons.brapi.dev/icons/JFEN3.svg,Consumer Durables,stock,Consumo Cíclico,Bens Duráveis
BIED3,Bioma Educacao SA,19100,https://icons.brapi.dev/icons/BRAPI.svg,Consumer Services,stock,Consumo Cíclico,Serviços Educacionais
BMEB4,BCO Mercantil do Brasil SA Pfd,18200,https://icons.brapi.dev/icons/BMEB4.svg,Finance,stock,Financeiro e Outros,Bancos e Financeiros
CEBR3,Companhia Energetica de Brasilia - CEB,17500,https://icons.brapi.dev/icons/CEBR3.svg,Utilities,stock,Utilidade Pública,Energia Elétrica
UCAS3,Unicasa Industria de Moveis S.A.,16500,https://icons.brapi.dev/icons/UCAS3.svg,Consumer Durables,stock,Consumo Cíclico,Bens Duráveis
EALT4,Electro Aco Altona SA Pfd,15900,https://icons.brapi.dev/icons/EALT4.svg,Producer Manufacturing,stock,Bens Industriais,Máquinas e Equipamentos
UNIP3,Unipar Carbocloro SA,14500,https://icons.brapi.dev/icons/UNIP3.svg,Process Industries,stock,Materiais Básicos,"Papel, Química e Outros"
LOGN3,Log-In Logistica Intermodal SA,13700,https://icons.brapi.dev/icons/LOGN3.svg,Transportation,stock,Bens Industriais,Transporte e Logística
CSUD3,CSU Digital SA,13200,https://icons.brapi.dev/icons/CSUD3.svg,Commercial Services,stock,Tecnologia da Informação,Serviços de Software
TRAD3,TC S.A.,12300,https://icons.brapi.dev/icons/TRAD3.svg,Technology Services,stock,Tecnologia da Informação,Serviços de Software
BRSR3,Banco do Estado do Rio Grande do Sul SA,11800,https://icons.brapi.dev/icons/BRSR3.svg,Finance,stock,Financeiro e Outros,Bancos e Financeiros
HOOT4,Hoteis Othon SA Pfd,11400,https://icons.brapi.dev/icons/HOOT4.svg,Consumer Services,stock,Consumo Cíclico,Serviços Educacionais
CEBR6,Companhia Energetica de Brasilia - CEB Pfd B,11400,https://icons.brapi.dev/icons/CEBR6.svg,Utilities,stock,Utilidade Pública,Energia Elétrica
EQPA3,Equatorial Para Distribuidora de Energia SA,11100,https://icons.brapi.dev/icons/EQPA3.svg,Utilities,stock,Utilidade Pública,Energia Elétrica
AVLL3,Alphaville SA,11100,https://icons.brapi.dev/icons/AVLL3.svg,Finance,stock,Financeiro e Outros,Bancos e Financeiros
INEP3,Inepar SA Industria e Construcoes,11000,https://icons.brapi.dev/icons/INEP3.svg,Industrial Services,stock,Bens Industriais,Serviços Industriais
EMAE4,EMAE-Empresa Metropolitana de Aguas e Energia SA Pfd Registered,10400,https://icons.brapi.dev/icons/EMAE4.svg,Utilities,stock,Utilidade Pública,Energia Elétrica
BRAP3,Bradespar S.A.,10000,https://icons.brapi.dev/icons/BRAP3.svg,Finance,stock,Financeiro e Outros,Bancos e Financeiros
ENGI4,Energisa SA Pfd Shs Non-Voting,9500,https://icons.brapi.dev/icons/ENGI4.svg,Utilities,stock,Utilidade Pública,Energia Elétrica
MNPR3,Minupar Participacoes S.A.,9400,https://icons.brapi.dev/icons/MNPR3.svg,Process Industries,stock,Materiais Básicos,"Papel, Química e Outros"
TELB4,Telecomunicacoes Brasileiras SA - TELEBRAS Pref.,8800,https://icons.brapi.dev/icons/TELB4.svg,Communications,stock,Comunicações,Telefonia e Mídia
DOTZ3,Dotz SA,8500,https://icons.brapi.dev/icons/DOTZ3.svg,Technology Services,stock,Tecnologia da Informação,Serviços de Software
FICT3,Fictor Alimentos SA,8400,https://icons.brapi.dev/icons/FICT3.svg,Commercial Services,stock,Consumo Cíclico,Serviços Comerciais
WHRL4,Whirlpool SA Pfd,7200,https://icons.brapi.dev/icons/WHRL4.svg,Consumer Durables,stock,Consumo Cíclico,Bens Duráveis
REAG3,REAG Investimentos SA,7200,https://icons.brapi.dev/icons/REAG3.svg,Commercial Services,stock,Consumo Cíclico,Serviços Comerciais
EALT3,Electro Aco Altona SA,7100,https://icons.brapi.dev/icons/EALT3.svg,Producer Manufacturing,stock,Bens Industriais,Máquinas e Equipamentos
BEES4,Banestes SA Banco do Estado do Espirito Santo Pfd,7000,https://icons.brapi.dev/icons/BEES4.svg,Finance,stock,Financeiro e Outros,Bancos e Financeiros
BRKM3,Braskem S.A.,6500,https://icons.brapi.dev/icons/BRKM3.svg,Process Industries,stock,Materiais Básicos,"Papel, Química e Outros"
EPAR3,Embpar Participacoes SA,6400,https://icons.brapi.dev/icons/EPAR3.svg,Producer Manufacturing,stock,Bens Industriais,Máquinas e Equipamentos
TELB3,Telecomunicacoes Brasileiras SA,5700,https://icons.brapi.dev/icons/TELB3.svg,Communications,stock,Comunicações,Telefonia e Mídia
ESTR4,Manufatura de Brinquedos Estrela SA Pfd,5500,https://icons.brapi.dev/icons/ESTR4.svg,Consumer Durables,stock,Consumo Cíclico,Bens Duráveis
ALUP4,Alupar Investimento SA Pfd Shs,5300,https://icons.brapi.dev/icons/ALUP4.svg,Utilities,stock,Utilidade Pública,Energia Elétrica
CGRA4,Grazziotin S.A. Pfd,4700,https://icons.brapi.dev/icons/CGRA4.svg,Retail Trade,stock,Consumo Cíclico,Comércio Varejista
INEP4,Inepar SA Industria e Construcoes Pfd,4500,https://icons.brapi.dev/icons/INEP4.svg,Industrial Services,stock,Bens Industriais,Serviços Industriais
WHRL3,Whirlpool S.A.,4300,https://icons.brapi.dev/icons/WHRL3.svg,Consumer Durables,stock,Consumo Cíclico,Bens Duráveis
TASA3,Taurus Armas S.A.,4100,https://icons.brapi.dev/icons/TASA3.svg,Electronic Technology,stock,Bens Industriais,Máquinas e Equipamentos
ENGI3,Energisa SA,3700,https://icons.brapi.dev/icons/ENGI3.svg,Utilities,stock,Utilidade Pública,Energia Elétrica
BPAC5,Banco BTG Pactual SA Pfd A,3700,https://icons.brapi.dev/icons/BPAC5.svg,Finance,stock,Financeiro e Outros,Bancos e Financeiros
BGIP4,Banco do Estado de Sergipe SA - Banese Non-Cum Perp Pfd Registered Shs,3600,https://icons.brapi.dev/icons/BRAPI.svg,Finance,stock,Financeiro e Outros,Bancos e Financeiros
RDNI3,Rodobens Negocios Imobiliarios S.A.,3400,https://icons.brapi.dev/icons/RDNI3.svg,Finance,stock,Financeiro e Outros,Bancos e Financeiros
CRPG5,Tronox Pigmentos do Brasil SA Pfd Registered Shs A,3300,https://icons.brapi.dev/icons/CRPG5.svg,Process Industries,stock,Materiais Básicos,"Papel, Química e Outros"
BPAC3,Banco BTG Pactual SA,3300,https://icons.brapi.dev/icons/BPAC3.svg,Finance,stock,Financeiro e Outros,Bancos e Financeiros
PTNT4,Pettenati SA Industria Textil Pfd,3100,https://icons.brapi.dev/icons/PTNT4.svg,Process Industries,stock,Materiais Básicos,"Papel, Química e Outros"
ISAE3,Isa Energia Brasil SA,3000,https://icons.brapi.dev/icons/ISAE3.svg,Utilities,stock,Utilidade Pública,Energia Elétrica
NUTR3,Nutriplant Industria E Comercio S.A.,2900,https://icons.brapi.dev/icons/NUTR3.svg,Process Industries,stock,Consumo Não Cíclico,"Alimentos, Bebidas e Pessoais"
HAGA4,Haga SA Industria e Comercio Pfd,2700,https://icons.brapi.dev/icons/HAGA4.svg,Consumer Durables,stock,Consumo Cíclico,Bens Duráveis
OFSA3,Ourofino S.A.,2400,https://icons.brapi.dev/icons/OFSA3.svg,Health Technology,stock,Saúde,Saúde Tecnologia
CLSC4,Centrais Eletricas de Santa Catarina SA Pfd,2400,https://icons.brapi.dev/icons/CLSC4.svg,Utilities,stock,Utilidade Pública,Energia Elétrica
CEBR5,Companhia Energetica de Brasilia - CEB Pfd A,2300,https://icons.brapi.dev/icons/CEBR5.svg,Utilities,stock,Utilidade Pública,Energia Elétrica
CTAX3,Contax Participacoes SA,2300,https://icons.brapi.dev/icons/BRAPI.svg,Commercial Services,stock,Consumo Cíclico,Serviços Comerciais
BIOM3,Biomm SA,2100,https://icons.brapi.dev/icons/BIOM3.svg,Health Technology,stock,Saúde,Saúde Tecnologia
MTSA4,Metisa Metalurgica Timboense SA Pfd,2100,https://icons.brapi.dev/icons/MTSA4.svg,Producer Manufacturing,stock,Bens Industriais,Máquinas e Equipamentos
PATI3,Panatlantica S.A.,2000,https://icons.brapi.dev/icons/PATI3.svg,Producer Manufacturing,stock,Bens Industriais,Máquinas e Equipamentos
COCE5,Companhia Energetica do Ceara-COELCE Pfd A,2000,https://icons.brapi.dev/icons/COCE5.svg,Utilities,stock,Utilidade Pública,Energia Elétrica
ALUP3,Alupar Investimento SA,2000,https://icons.brapi.dev/icons/ALUP3.svg,Utilities,stock,Utilidade Pública,Energia Elétrica
CEEB3,Companhia de Electricidade do Estado da Bahia - COELBA,1900,https://icons.brapi.dev/icons/BRAPI.svg,Utilities,stock,Utilidade Pública,Energia Elétrica
CPLE5,Companhia Paranaense de Energia - COPEL Pfd Registered A,1800,https://icons.brapi.dev/icons/BRAPI.svg,Utilities,stock,Utilidade Pública,Energia Elétrica
OSXB3,OSX Brasil S.A.,1800,https://icons.brapi.dev/icons/OSXB3.svg,Industrial Services,stock,Bens Industriais,Serviços Industriais
ATED3,Atom Educacao e Editora S.A.,1500,https://icons.brapi.dev/icons/ATED3.svg,Technology Services,stock,Tecnologia da Informação,Serviços de Software
NGRD3,Neogrid Participacoes SA,1400,https://icons.brapi.dev/icons/NGRD3.svg,Technology Services,stock,Tecnologia da Informação,Serviços de Software
LUXM4,Trevisa Investimentos SA Pfd,1400,https://icons.brapi.dev/icons/BRAPI.svg,Transportation,stock,Bens Industriais,Transporte e Logística
BAZA3,Banco da Amazonia S.A.,1400,https://icons.brapi.dev/icons/BAZA3.svg,Finance,stock,Financeiro e Outros,Bancos e Financeiros
TKNO4,Tekno SA Industria e Comercio Pfd,1300,https://icons.brapi.dev/icons/BRAPI.svg,Non-Energy Minerals,stock,Materiais Básicos,Mineração e Siderurgia
BSLI4,BRB Banco de Brasilia SA Pfd,1200,https://icons.brapi.dev/icons/BSLI4.svg,Finance,stock,Financeiro e Outros,Bancos e Financeiros
DOHL4,Dohler SA Comercio e Industria Pfd,1100,https://icons.brapi.dev/icons/BRAPI.svg,Process Industries,stock,Consumo Cíclico,Bens Duráveis
FHER3,Fertilizantes Heringer S.A.,1100,https://icons.brapi.dev/icons/FHER3.svg,Process Industries,stock,Materiais Básicos,"Papel, Química e Outros"
CEDO4,Cia. de Fiacao e Tecidos Cedro e Cachoeira Pfd,1000,https://icons.brapi.dev/icons/BRAPI.svg,Process Industries,stock,Materiais Básicos,"Papel, Química e Outros"
RSID3,Rossi Residencial S.A.,1000,https://icons.brapi.dev/icons/RSID3.svg,Consumer Durables,stock,Consumo Cíclico,Bens Duráveis
RPMG3,Refinaria de Petroleos Manguinhos S.A.,1000,https://icons.brapi.dev/icons/RPMG3.svg,Energy Minerals,stock,"Petróleo, Gás e Biocombustíveis","Petróleo, Gás e Biocombustíveis"
RNEW11,Renova Energia S.A. Certificado de Deposito de Acoes Cons of 1 Sh + 2 Pfd Shs,900,https://icons.brapi.dev/icons/RNEW11.svg,Utilities,fund,Utilidade Pública,Energia Elétrica
PTNT3,Pettenati S.A. Industria Textil,900,https://icons.brapi.dev/icons/PTNT3.svg,Process Industries,stock,Materiais Básicos,"Papel, Química e Outros"
BMEB3,BCO Mercantil do Brasil SA,700,https://icons.brapi.dev/icons/BMEB3.svg,Finance,stock,Financeiro e Outros,Bancos e Financeiros
REDE3,Rede Energia S.A.,700,https://icons.brapi.dev/icons/REDE3.svg,Utilities,stock,Utilidade Pública,Energia Elétrica
ALPA3,Alpargatas SA,600,https://icons.brapi.dev/icons/ALPA3.svg,Consumer Non-Durables,stock,Consumo Não Cíclico,"Alimentos, Bebidas e Pessoais"
CGRA3,Grazziotin S.A.,500,https://icons.brapi.dev/icons/CGRA3.svg,Retail Trade,stock,Consumo Cíclico,Comércio Varejista
FIEI3,Fica Empreendimentos Imobiliarios SA,400,https://icons.brapi.dev/icons/BRAPI.svg,Finance,stock,Financeiro e Outros,Bancos e Financeiros
SNSY5,Sansuy SA Industria de Plasticos Pfd A,400,https://icons.brapi.dev/icons/SNSY5.svg,Producer Manufacturing,stock,Bens Industriais,Máquinas e Equipamentos
CEDO3,Cia. de Fiacao e Tecidos Cedro e Cachoeira,400,https://icons.brapi.dev/icons/BRAPI.svg,Process Industries,stock,Materiais Básicos,"Papel, Química e Outros"
CGAS5,Companhia de Gas de Sao Paulo - COMGAS Pfd Registered A,300,https://icons.brapi.dev/icons/CGAS5.svg,Utilities,stock,Utilidade Pública,Energia Elétrica
BMIN4,Banco Mercantil de Investimentos SA Pfd,300,https://icons.brapi.dev/icons/BRAPI.svg,Finance,stock,Financeiro e Outros,Bancos e Financeiros
GEPA4,Rio Paranapanema Energia SA Pfd Registered,300,https://icons.brapi.dev/icons/BRAPI.svg,Utilities,stock,Utilidade Pública,Energia Elétrica
EKTR4,Elektro Redes S.A. Pfd Shs,300,https://icons.brapi.dev/icons/BRAPI.svg,Utilities,stock,Utilidade Pública,Energia Elétrica
FESA3,Cia de Ferro Ligas da Bahia,300,https://icons.brapi.dev/icons/BRAPI.svg,Non-Energy Minerals,stock,Materiais Básicos,Mineração e Siderurgia
DEXP4,Dexxos Participacoes SA Pref,300,https://icons.brapi.dev/icons/DEXP4.svg,Process Industries,stock,Materiais Básicos,"Papel, Química e Outros"
ESTR3,Manufatura de Brinquedos Estrela SA,200,https://icons.brapi.dev/icons/BRAPI.svg,Consumer Durables,stock,Consumo Cíclico,Bens Duráveis
WLMM4,WLM Participacoes e Comercio de Maquinas e Veiculos SA Pfd,200,https://icons.brapi.dev/icons/WLMM4.svg,Distribution Services,stock,Consumo Não Cíclico,Comércio e Distribuição
PINE3,Banco PINE S.A.,200,https://icons.brapi.dev/icons/PINE3.svg,Finance,stock,Financeiro e Outros,Bancos e Financeiros
BAUH4,Excelsior Alimentos SA Pfd,200,https://icons.brapi.dev/icons/BRAPI.svg,Distribution Services,stock,Consumo Não Cíclico,Comércio e Distribuição
PATI4,Panatlantica S.A. Pfd,200,https://icons.brapi.dev/icons/BRAPI.svg,Producer Manufacturing,stock,Bens Industriais,Máquinas e Equipamentos
NEXP3,Nexpe Participacoes SA,200,https://icons.brapi.dev/icons/NEXP3.svg,Finance,stock,Financeiro e Outros,Bancos e Financeiros
PLAS3,Plascar Participacoes Industriais S.A.,100,https://icons.brapi.dev/icons/BRAPI.svg,Producer Manufacturing,stock,Bens Industriais,Máquinas e Equipamentos
HAGA3,Haga SA Industria e Comercio,100,https://icons.brapi.dev/icons/HAGA3.svg,Consumer Durables,stock,Consumo Cíclico,Bens Duráveis
SOND6,Sondotecnica Engenharia de Solos S.A. Pfd Shs B,100,https://icons.brapi.dev/icons/BRAPI.svg,Industrial Services,stock,Bens Industriais,Serviços Industriais
EUCA3,Eucatex S.A. Industria e Comercio,100,https://icons.brapi.dev/icons/BRAPI.svg,Non-Energy Minerals,stock,Materiais Básicos,Papel e Celulose
EKTR3,Elektro Redes S.A.,100,https://icons.brapi.dev/icons/BRAPI.svg,Utilities,stock,Utilidade Pública,Energia Elétrica
CTKA4,Karsten S.A.Non-Cum Perp Pfd Registered Shs,100,https://icons.brapi.dev/icons/BRAPI.svg,Process Industries,stock,Materiais Básicos,"Papel, Química e Outros"
CGAS3,Companhia de Gas de Sao Paulo - COMGAS,100,https://icons.brapi.dev/icons/CGAS3.svg,Utilities,stock,Utilidade Pública,Energia Elétrica
GSHP3,General Shopping e Outlets do Brasil S.A.,100,https://icons.brapi.dev/icons/BRAPI.svg,Finance,stock,Financeiro e Outros,Bancos e Financeiros
MWET4,Wetzel S.A. Non-Cum Perp Pfd Registered Shs,100,https://icons.brapi.dev/icons/BRAPI.svg,Producer Manufacturing,stock,Bens Industriais,Máquinas e Equipamentos
BMKS3,Bicicletas Monark S.A.,18,https://icons.brapi.dev/icons/BMKS3.svg,Consumer Durables,stock,Consumo Cíclico,Bens Duráveis
