ticker,empresa,setor_brapi,tipo,market_cap,logo,preco_atual,p_l,p_vp,payout_ratio,crescimento_preco,roe,divida_total,ebitda,perfil_acao,sentimento_gauge,strong_buy,buy,hold,sell,strong_sell,divida_ebitda
AALR3,Alliança Saúde e Participações S.A.,Health Services,stock,792074368,https://icons.brapi.dev/icons/AALR3.svg,5.2,,0.5718056,0.0,-50.52331402452912,-5.8319997,886972032.0,176336000.0,Micro Cap,50.0,0,0,0,0,0,5.030011069775882
ABCB4,Banco ABC Brasil S.A.,Finance,stock,5155162624,https://icons.brapi.dev/icons/ABCB4.svg,21.44,4.1712065,0.78331083,37.849998,133.91882049361135,15.342,17629650944.0,,Small Cap,55.55555555555556,1,2,5,0,1,
ABEV3,Ambev S.A.,Consumer Non-Durables,stock,188199043072,https://icons.brapi.dev/icons/ABEV3.svg,12.07,12.8404255,2.03507,98.65,19.81593711484542,16.048999,3157764096.0,27305668608.0,Blue Chip,54.166666666666664,2,3,10,2,1,0.1156450018248167
AERI3,Aeris Indústria e Comércio de Equipamentos para Geração de Energia S.A.,Producer Manufacturing,stock,254653968,https://icons.brapi.dev/icons/AERI3.svg,4.15,,-4.009662,0.0,-96.58652371745228,-224.72500000000002,1718002048.0,-787166976.0,Micro Cap,50.0,0,0,1,0,0,-2.1825128598890817
AGRO3,BrasilAgro - Companhia Brasileira de Propriedades Agrícolas,Finance,stock,2031160064,https://icons.brapi.dev/icons/AGRO3.svg,20.39,6.5774193,0.93605095,50.240004000000006,61.17673044493009,15.001999999999999,1338961024.0,381872992.0,Small Cap,83.33333333333333,2,0,1,0,0,3.506299350963265
AGXY3,AgroGalaxy Participações S.A.,Distribution Services,stock,100124336,https://icons.brapi.dev/icons/AGXY3.svg,5.98,,-0.049821295,0.0,-96.05852968091317,,2126569984.0,-1953304064.0,Micro Cap,50.0,0,0,0,0,0,-1.0887040185874512
ALLD3,Allied Tecnologia S.A.,Technology Services,stock,748497024,https://icons.brapi.dev/icons/ALLD3.svg,7.92,6.7692313,0.46880552,111.14999999999999,-13.969001283930027,7.197000000000001,529774016.0,186514000.0,Micro Cap,75.0,1,0,1,0,0,2.8403981256098736
ALOS3,Allos S.A.,Finance,stock,11336196096,https://icons.brapi.dev/icons/ALOS3.svg,22.69,15.978874,0.84305567,77.489996,-2.7272379384291834,5.8029998,6253199872.0,1977884032.0,Mid Cap,75.0,3,8,1,1,0,3.1615604205454244
ALPA3,Alpargatas S.A.,Consumer Non-Durables,stock,6142380032,https://icons.brapi.dev/icons/ALPA3.svg,8.55,23.75,1.402099,26.790002,-71.5270519088919,6.441,862225984.0,317961984.0,Small Cap,75.0,0,1,0,0,0,2.711726644654475
ALPA4,Alpargatas S.A.,Consumer Non-Durables,stock,5958930944,https://icons.brapi.dev/icons/ALPA4.svg,9.29,25.805555,1.5234503,29.470000000000002,-71.99610928946669,6.441,862225984.0,317961984.0,Small Cap,56.25,0,2,6,0,0,2.711726644654475
ALPK3,"Allpark Empreendimentos, Participações e Serviços S.A.",Consumer Services,stock,681980032,https://icons.brapi.dev/icons/ALPK3.svg,3.13,,1.9237862,0.0,-65.97825892030174,0.992,1562996992.0,439281984.0,Micro Cap,50.0,0,0,0,0,0,3.5580721471154164
ALUP11,Alupar Investimento S.A.,Utilities,fund,14360573952,https://icons.brapi.dev/icons/ALUP11.svg,29.11,6.975797,1.7467747,,71.23345336784774,15.720998999999999,12775074816.0,2923646976.0,Mid Cap,75.0,3,7,3,0,0,4.36956818688085
ALUP3,Alupar Investimento S.A.,Utilities,stock,15745232896,https://icons.brapi.dev/icons/ALUP3.svg,10.43,10.028847,0.6258626,27.36,51.129667403154436,15.720998999999999,12775074816.0,2923646976.0,Mid Cap,50.0,0,0,0,0,0,4.36956818688085
ALUP4,Alupar Investimento S.A.,Utilities,stock,15716769792,https://icons.brapi.dev/icons/ALUP4.svg,9.37,9.009616,0.5622562,27.36,88.14147438324811,15.720998999999999,12775074816.0,2923646976.0,Mid Cap,50.0,0,0,0,0,0,4.36956818688085
AMAR3,Marisa Lojas S.A.,Retail Trade,stock,600728320,https://icons.brapi.dev/icons/AMAR3.svg,1.17,0.45173746,2.074468,0.0,-96.54334590200571,-200.005,672865024.0,232030000.0,Micro Cap,50.0,0,0,0,0,0,2.8999052881092964
AMBP3,Ambipar Participações e Empreendimentos S.A.,Commercial Services,stock,22668957696,https://icons.brapi.dev/icons/AMBP3.svg,13.58,,13.913934,0.0,448.3090722950543,-1.345,12364896256.0,1816190976.0,Mid Cap,50.0,0,1,1,1,0,6.808147611895193
AMER3,Americanas S.A.,Retail Trade,stock,987202880,https://icons.brapi.dev/icons/AMER3.svg,4.93,0.022089792,0.2255983,0.0,-99.95500746167326,,5983000064.0,-167000000.0,Micro Cap,50.0,0,0,0,0,0,-35.826347688622754
AMOB3,Automob Participações S.A.,Retail Trade,stock,409407488,https://icons.brapi.dev/icons/AMOB3.svg,10.8,,,0.0,-54.04255237985165,,,,Micro Cap,87.5,1,1,0,0,0,
ARML3,"Armac Locação, Logística e Serviços S.A.",Finance,stock,1336266752,https://icons.brapi.dev/icons/ARML3.svg,3.94,18.761906,1.0836084,68.22,-80.3506140627066,6.0650002,2517867008.0,654614976.0,Micro Cap,69.44444444444444,2,3,4,0,0,3.846332730401817
ASAI3,Sendas Distribuidora S.A.,Retail Trade,stock,13309743104,https://icons.brapi.dev/icons/ASAI3.svg,9.88,14.529411,2.3772857,15.76,-28.097713082562493,17.687,26414999552.0,5128999936.0,Mid Cap,73.33333333333334,3,8,4,0,0,5.150126707273954
ATED3,N/A,Technology Services,stock,50228336,https://icons.brapi.dev/icons/ATED3.svg,2.11,,,0.0,34.3948932868088,,,,Micro Cap,50.0,0,0,0,0,0,
AURE3,Auren Energia S.A.,Utilities,stock,10825992192,https://icons.brapi.dev/icons/AURE3.svg,10.36,,0.8535179,0.0,-18.869824017316937,-4.4099998000000005,24670765056.0,2846539008.0,Mid Cap,50.0,1,2,7,0,2,8.6669337699798
AVLL3,Alphaville S.A.,Finance,stock,318387904,https://icons.brapi.dev/icons/BRAPI.svg,1.63,,-1.7971334,0.0,-91.87179382007109,,704921024.0,155471008.0,Micro Cap,100.0,1,0,0,0,0,4.534099528061206
AZEV3,Azevedo & Travassos S.A.,Industrial Services,stock,317066976,https://icons.brapi.dev/icons/AZEV3.svg,0.51,,0.42079207,0.0,-84.12863941810859,-51.662,144082000.0,-79829000.0,Penny Stock,50.0,0,0,0,0,0,-1.8048829372784327
AZEV4,Azevedo & Travassos S.A.,Industrial Services,stock,312564960,https://icons.brapi.dev/icons/AZEV4.svg,0.54,,0.44554457,0.0,-73.76745781949901,-51.662,144082000.0,-79829000.0,Penny Stock,50.0,0,0,0,0,0,-1.8048829372784327
AZTE3,Azevedo & Travassos Energia S.A.,Industrial Services,stock,102743680,https://icons.brapi.dev/icons/AZTE3.svg,0.52,,,,-41.57303491184741,,,,Penny Stock,50.0,0,0,0,0,0,
AZUL4,Azul S.A.,Transportation,stock,517569344,https://icons.brapi.dev/icons/AZUL4.svg,0.56,,-0.01987366,0.0,-97.39170926737822,,35082772480.0,2693093888.0,Penny Stock,37.5,0,0,4,1,1,13.026939995045579
AZZA3,Azzas 2154 S.A.,Consumer Non-Durables,stock,6690230784,https://icons.brapi.dev/icons/AZZA3.svg,32.44,8.27551,0.80223554,28.48,-33.55600482081152,13.906999,3841778944.0,1180931968.0,Small Cap,80.76923076923077,4,8,1,0,0,3.253175498759976
B3SA3,"B3 S.A. - Brasil, Bolsa, Balcão",Finance,stock,65119031296,https://icons.brapi.dev/icons/B3SA3.svg,12.53,13.922222,3.2991047,32.75,-25.26500643218943,24.775,14993871872.0,6536744960.0,Blue Chip,73.21428571428572,4,5,5,0,0,2.2937826033830757
BALM3,Baumer S.A.,Health Technology,stock,180943776,https://icons.brapi.dev/icons/BRAPI.svg,21.0,6.542056,1.1546074,22.34,42.856097437554254,17.384,22289000.0,53303000.0,Micro Cap,50.0,0,0,0,0,0,0.4181565765529145
BALM4,Baumer S.A.,Health Technology,stock,180944432,https://icons.brapi.dev/icons/BRAPI.svg,15.99,4.9813085,0.8791511,22.34,68.97053594967264,17.384,22289000.0,53303000.0,Micro Cap,50.0,0,0,0,0,0,0.4181565765529145
BAZA3,Banco da Amazônia S.A.,Finance,stock,3988548096,https://icons.brapi.dev/icons/BAZA3.svg,71.15,2.99201,0.5960809,27.85,214.67248472889415,19.253,426644992.0,,Small Cap,50.0,0,0,0,0,0,
BBAS3,Banco do Brasil S.A.,Finance,stock,113026113536,https://icons.brapi.dev/icons/BBAS3.svg,19.8,7.122302,0.63897765,43.78,73.00300962416446,15.581,1068331958272.0,,Blue Chip,53.84615384615385,1,2,9,0,1,
BBDC3,Banco Bradesco S.A.,Finance,stock,155214446592,https://icons.brapi.dev/icons/BBDC3.svg,13.54,7.2795696,0.8228002,46.44,17.114892825131413,12.3459995,747837849600.0,,Blue Chip,50.0,0,0,0,0,0,
BBDC4,Banco Bradesco S.A.,Finance,stock,154990854144,https://icons.brapi.dev/icons/BBDC4.svg,15.79,8.489247,0.95952845,51.09,23.92849144649425,12.3459995,747837849600.0,,Blue Chip,57.692307692307686,0,6,6,0,1,
BBSE3,BB Seguridade Participações S.A.,Finance,stock,62545788928,https://icons.brapi.dev/icons/BBSE3.svg,32.22,7.0043483,5.9600444,80.67999999999999,83.0787995232219,86.761004,0.0,9886606336.0,Blue Chip,58.333333333333336,1,3,7,1,0,0.0
BDLL3,Bardella S.A. Indústrias Mecânicas,Producer Manufacturing,stock,12893550,https://icons.brapi.dev/icons/BRAPI.svg,7.5,,-0.05137303,0.0,-68.75,,297160992.0,-15424000.0,Micro Cap,50.0,0,0,0,0,0,-19.266143153526972
BEEF3,Minerva S.A.,Distribution Services,stock,5141053952,https://icons.brapi.dev/icons/BEEF3.svg,5.27,,3.6021872,0.0,-51.771857660360666,-50.707,26758098944.0,3966532096.0,Small Cap,52.27272727272727,1,1,8,0,1,6.745968089098251
BEES3,Banestes S.A - Banco do Estado do Espírito Santo,Finance,stock,2728307456,https://icons.brapi.dev/icons/BEES3.svg,8.62,7.243697,1.1771132,40.83,129.7414853077515,19.840999,9534074880.0,,Small Cap,50.0,0,0,0,0,0,
BEES4,Banestes S.A - Banco do Estado do Espírito Santo,Finance,stock,2753276672,https://icons.brapi.dev/icons/BEES4.svg,8.76,7.3613443,1.1962311,40.83,118.73206011655833,19.840999,9534074880.0,,Small Cap,50.0,0,0,0,0,0,
BGIP4,Banco do Estado de Sergipe S.A.,Finance,stock,693411328,https://icons.brapi.dev/icons/BGIP4.svg,28.38,2.9779644,0.68398726,24.84,66.30441950405397,19.235,435103008.0,,Micro Cap,50.0,0,0,0,0,0,
BHIA3,Grupo Casas Bahia S.A.,Retail Trade,stock,269053184,https://icons.brapi.dev/icons/BHIA3.svg,2.83,,0.17479925,0.0,-99.32892835720037,-74.628997,15982000128.0,1808000000.0,Micro Cap,30.555555555555557,0,0,4,3,2,8.839601840707964
BIED3,Bahema Educação S.A.,Consumer Services,stock,90552880,https://icons.brapi.dev/icons/BRAPI.svg,3.4,,0.9599097,0.0,-27.659569503279723,-76.955,166643008.0,10119000.0,Micro Cap,50.0,0,0,0,0,0,16.46832770036565
BIOM3,Biomm S.A.,Health Technology,stock,929524864,https://icons.brapi.dev/icons/BIOM3.svg,7.1,,3.4266407,0.0,-54.877045548737826,-25.055,115134000.0,-65989000.0,Micro Cap,50.0,0,0,0,0,0,-1.744745336343936
BLAU3,Blau Farmacêutica S.A.,Health Technology,stock,2101966080,https://icons.brapi.dev/icons/BLAU3.svg,11.83,7.4873414,0.9276248,21.370001,-68.02052868632144,13.069999,503859008.0,474527008.0,Small Cap,75.0,3,2,3,0,0,1.0618131307712626
BMEB3,Banco Mercantil do Brasil S.A.,Finance,stock,3951849984,https://icons.brapi.dev/icons/BMEB3.svg,35.0,6.6666665,1.7669628,38.58,438.78414125889674,41.327998,5676536832.0,,Small Cap,50.0,0,0,0,0,0,
BMEB4,Banco Mercantil do Brasil S.A.,Finance,stock,3815174400,https://icons.brapi.dev/icons/BMEB4.svg,41.03,7.830153,2.0713851,42.430001,762.2536341786404,41.327998,5676536832.0,,Small Cap,50.0,0,0,0,0,0,
BMGB4,Banco BMG S.A.,Finance,stock,1797725184,https://icons.brapi.dev/icons/BMGB4.svg,3.56,7.265306,0.4745401,95.47,-8.448403933260273,8.7340005,5985918976.0,,Micro Cap,62.5,0,1,1,0,0,
BMIN4,Banco Mercantil de Investimentos S.A.,Finance,stock,108038944,https://icons.brapi.dev/icons/BRAPI.svg,16.8,9.08108,0.5787316,81.43,27.639350253589367,6.007,0.0,,Micro Cap,50.0,0,0,0,0,0,
BMKS3,Bicicletas Monark S.A.,Consumer Durables,stock,187356992,https://icons.brapi.dev/icons/BMKS3.svg,412.0,12.443371,0.92730343,118.53,202.93539843640787,33.479,3622000.0,-8051000.0,Micro Cap,50.0,0,0,0,0,0,-0.4498820022357471
BMOB3,Bemobi Mobile Tech S.A.,Technology Services,stock,1709619840,https://icons.brapi.dev/icons/BMOB3.svg,20.26,13.417219,1.480886,42.71,6.797638805535855,11.3929994,2921000.0,127244000.0,Micro Cap,75.0,1,1,1,0,0,0.022955895759328535
BNBR3,Banco do Nordeste do Brasil S.A.,Finance,stock,9820630016,https://icons.brapi.dev/icons/BRAPI.svg,99.5,3.835775,0.70392144,23.39,73.37553460883248,20.534,9870681088.0,,Small Cap,50.0,0,0,0,0,0,
BOBR4,Bombril S.A.,Consumer Non-Durables,stock,162220080,https://icons.brapi.dev/icons/BOBR4.svg,1.32,4.714286,330.0,0.0,-38.028169881175764,,388892000.0,219134000.0,Micro Cap,50.0,0,0,0,0,0,1.7746766818476367
BPAC11,Banco BTG Pactual S.A.,Finance,fund,145381343232,https://icons.brapi.dev/icons/BPAC11.svg,43.5,70.8469,3.2489357,,133.76999250407624,20.341,341505867776.0,,Blue Chip,77.08333333333333,3,7,2,0,0,
BPAC3,Banco BTG Pactual S.A.,Finance,stock,229953257472,https://icons.brapi.dev/icons/BPAC3.svg,23.48,13.265536,1.7536783,8.51,95.94062036944703,20.341,341505867776.0,,Blue Chip,50.0,0,0,0,0,0,
BPAC5,Banco BTG Pactual S.A.,Finance,stock,229793611776,https://icons.brapi.dev/icons/BPAC5.svg,9.85,5.564972,0.73567855,8.51,165.6234241950669,20.341,341505867776.0,,Blue Chip,50.0,0,0,0,0,0,
BPAN4,Banco Pan S.A.,Finance,stock,9754445824,https://icons.brapi.dev/icons/BPAN4.svg,7.8,12.786885,1.2703583,39.589999999999996,1.916971285555058,9.649000000000001,17610000384.0,,Small Cap,67.85714285714286,1,3,3,0,0,
BRAP3,Bradespar S.A.,Finance,stock,6067123712,https://icons.brapi.dev/icons/BRAP3.svg,14.61,5.640927,0.67698437,71.28999999999999,86.46554520987924,13.831,4784000.0,,Small Cap,50.0,0,0,1,0,0,
BRAP4,Bradespar S.A.,Finance,stock,6044204544,https://icons.brapi.dev/icons/BRAP4.svg,15.82,6.108108,0.73305225,78.419995,67.83538678288407,13.831,4784000.0,,Small Cap,60.0,1,2,1,0,1,
BRAV3,Brava Energia S.A.,Energy Minerals,stock,8652184576,https://icons.brapi.dev/icons/BRAV3.svg,18.64,4.866841,0.7062746,0.0,-11.23809814453125,18.078,20767619072.0,3530717952.0,Small Cap,72.5,3,5,1,0,1,5.881981895562073
BRBI11,BRBI BR Partners S.A.,Finance,fund,0,https://icons.brapi.dev/icons/BRBI11.svg,15.33,34.840908,1.994276,,-4.427008084778993,21.847,14426593280.0,,N/A,87.5,2,2,0,0,0,
BRFS3,BRF S.A.,Consumer Non-Durables,stock,31873828864,https://icons.brapi.dev/icons/BRFS3.svg,19.9,9.045454,1.8919947,32.0,3.1570820038673064,22.483998999999997,24862439424.0,9244005376.0,Mid Cap,56.25,0,3,4,1,0,2.6895743146742195
BRKM3,Braskem S.A.,Process Industries,stock,6562209792,https://icons.brapi.dev/icons/BRKM3.svg,8.49,,-1.7783828,0.0,-59.90878430045896,,65370001408.0,2438000128.0,Small Cap,50.0,0,0,0,0,0,26.812960613593535
BRKM5,Braskem S.A.,Process Industries,stock,6417396224,https://icons.brapi.dev/icons/BRKM5.svg,7.72,,-1.6170925,0.0,-63.161079472796565,,65370001408.0,2438000128.0,Small Cap,56.25,0,4,7,1,0,26.812960613593535
BRSR3,Banco do Estado do Rio Grande do Sul S.A.,Finance,stock,4897465856,https://icons.brapi.dev/icons/BRSR3.svg,12.09,3.6306307,0.46446407,30.290001999999998,12.685947202967585,8.851,32115173376.0,,Small Cap,50.0,0,0,0,0,0,
BRSR6,Banco do Estado do Rio Grande do Sul S.A.,Finance,stock,4689532416,https://icons.brapi.dev/icons/BRSR6.svg,11.33,3.4024024,0.43526697,30.290001999999998,24.736135554184102,8.851,32115173376.0,,Small Cap,44.44444444444444,0,0,8,0,1,
BRST3,N/A,Communications,stock,1204521984,https://icons.brapi.dev/icons/BRST3.svg,2.75,25.0,0.78347576,37.230000000000004,-8.830865393887565,3.9699999999999998,1886003968.0,573718016.0,Micro Cap,57.14285714285714,2,0,4,0,1,3.2873361397108365
BSLI3,BRB - Banco de Brasília S.A.,Finance,stock,4699396608,https://icons.brapi.dev/icons/BSLI3.svg,9.2,10.952381,1.1592742,9.33,-52.13253833580256,18.492001,18979092480.0,,Small Cap,50.0,0,0,0,0,0,
BSLI4,BRB - Banco de Brasília S.A.,Finance,stock,4448439808,https://icons.brapi.dev/icons/BSLI4.svg,10.0,11.904762,1.2600807,9.04,25.863478212282388,18.492001,18979092480.0,,Small Cap,50.0,0,0,0,0,0,
CAMB3,Cambuci S.A.,Consumer Non-Durables,stock,380740384,https://icons.brapi.dev/icons/CAMB3.svg,9.1,5.4491024,1.2379268,50.480000000000004,157.87095118276025,23.985,2606000.0,90782000.0,Micro Cap,50.0,0,0,0,0,0,0.028706131171377585
CAML3,Camil Alimentos S.A.,Process Industries,stock,1466605440,https://icons.brapi.dev/icons/CAML3.svg,4.3,7.4137936,0.42037347,38.12,-56.83582970853864,6.0890004,5506717184.0,772403968.0,Micro Cap,57.14285714285714,2,2,1,0,2,7.1293227535568535
CASH3,Méliuz S.A.,Commercial Services,stock,576310912,https://icons.brapi.dev/icons/CASH3.svg,5.11,9.290909,1.0888559,0.0,-67.6566109562252,8.9650005,144000.0,50645000.0,Micro Cap,66.66666666666666,1,0,2,0,0,0.0028433211570737488
CBAV3,Companhia Brasileira de Alumínio,Non-Energy Minerals,stock,1946708352,https://icons.brapi.dev/icons/CBAV3.svg,2.99,10.310345,0.44640192,0.0,-72.56202930778954,6.6989996,3929242112.0,1080897024.0,Micro Cap,75.0,3,6,0,0,1,3.6351678511051206
CBEE3,Ampla Energia e Serviços S.A.,Utilities,stock,5130540032,https://icons.brapi.dev/icons/BRAPI.svg,13.5,5.378486,0.60970104,16.690001,-10.07134880309335,9.9980004,5035850240.0,1869779968.0,Small Cap,50.0,0,0,0,0,0,2.6932849459215085
CCTY3,N/A,Consumer Durables,stock,6702488,https://icons.brapi.dev/icons/BRAPI.svg,44.86,,,,7020.635071411096,,,,Micro Cap,50.0,0,0,0,0,0,
CEAB3,C&A Modas S.A.,Retail Trade,stock,4689108480,https://icons.brapi.dev/icons/CEAB3.svg,15.48,9.859872,1.3569424,24.350001,57.15619327011052,15.221000000000002,3019290112.0,1098659968.0,Small Cap,75.0,2,6,2,0,0,2.7481570275981877
CEBR3,Companhia Energética de Brasília - CEB,Utilities,stock,1695980928,https://icons.brapi.dev/icons/CEBR3.svg,22.6,9.076305,1.5290934,79.38,404.4379835906328,19.174999,0.0,159448000.0,Micro Cap,50.0,0,0,0,0,0,0.0
CEBR5,Companhia Energética de Brasília - CEB,Utilities,stock,1664460544,https://icons.brapi.dev/icons/CEBR5.svg,22.2,8.915663,1.5020299,79.38,277.2515499702902,19.174999,0.0,159448000.0,Micro Cap,50.0,0,0,0,0,0,0.0
CEBR6,Companhia Energética de Brasília - CEB,Utilities,stock,1670945280,https://icons.brapi.dev/icons/CEBR6.svg,24.49,9.835341,1.6569688,87.32,526.5716994937395,19.174999,0.0,159448000.0,Micro Cap,50.0,0,0,0,0,0,0.0
CEEB3,Companhia de Eletricidade do Estado da Bahia - COELBA,Utilities,stock,9670973440,https://icons.brapi.dev/icons/BRAPI.svg,36.91,4.6780734,1.1433616,23.369999999999997,40.6086241543052,28.077999999999996,15857000448.0,5229000192.0,Small Cap,50.0,0,0,0,0,0,3.0325109706938025
CGAS5,Companhia de Gás de São Paulo - COMGÁS,Utilities,stock,16671977472,https://icons.brapi.dev/icons/CGAS5.svg,127.99,10.819104,9.887216,92.28,3.8759908321612357,102.68299999999999,8873118720.0,3586414080.0,Mid Cap,50.0,0,0,0,0,0,2.4740920936826125
CGRA3,Grazziotin S.A.,Retail Trade,stock,516290080,https://icons.brapi.dev/icons/CGRA3.svg,25.75,5.191532,0.56305075,54.22,50.84786176951381,12.675999,142239008.0,94737000.0,Micro Cap,50.0,0,0,0,0,0,1.5014092487623631
CGRA4,Grazziotin S.A.,Retail Trade,stock,532010976,https://icons.brapi.dev/icons/CGRA4.svg,25.59,5.1696973,0.5595522,54.22,42.53419527560729,12.675999,142239008.0,94737000.0,Micro Cap,50.0,0,0,0,0,0,1.5014092487623631
CLSC4,Centrais Elétricas de Santa Catarina S.A.,Utilities,stock,3916431616,https://icons.brapi.dev/icons/CLSC4.svg,102.99,7.0061226,1.0281214,62.4,176.1505013640182,21.089001,4228772096.0,1548669952.0,Small Cap,50.0,0,0,0,0,0,2.730583163016002
CMIG3,Companhia Energética de Minas Gerais - CEMIG,Utilities,stock,34325266432,https://icons.brapi.dev/icons/CMIG3.svg,14.76,6.02449,1.5423198,36.180001,334.760851758091,26.266000000000002,15659601920.0,9290428416.0,Mid Cap,50.0,0,0,0,0,0,1.685562949177994
CMIG4,Companhia Energética de Minas Gerais - CEMIG,Utilities,stock,34189930496,https://icons.brapi.dev/icons/CMIG4.svg,10.57,4.3142853,1.1044933,38.47,255.63864043909632,26.266000000000002,15659601920.0,9290428416.0,Mid Cap,35.714285714285715,0,0,9,2,3,1.685562949177994
CMIN3,CSN Mineração S.A.,Non-Energy Minerals,stock,25965152256,https://icons.brapi.dev/icons/CMIN3.svg,4.78,11.658537,2.8101118,196.89000000000001,-15.2915711437985,21.166,9394572288.0,5508356096.0,Mid Cap,30.76923076923077,0,1,5,3,4,1.705512883384945
COCE5,Companhia Energética do Ceará - COELCE,Utilities,stock,2901208064,https://icons.brapi.dev/icons/COCE5.svg,30.35,25.5042,0.45045716,113.61000000000001,-39.484861461417,7.591,5795211776.0,1856035968.0,Small Cap,50.0,0,0,0,0,0,3.1223596287547806
COGN3,Cogna Educação S.A.,Commercial Services,stock,5061534208,https://icons.brapi.dev/icons/COGN3.svg,2.79,4.8103447,0.40277174,11.5,-56.450311089728054,9.246001,6472005120.0,1817430016.0,Small Cap,64.58333333333334,2,3,7,0,0,3.561075289294661
CPFE3,CPFL Energia S.A.,Utilities,stock,44787953664,https://icons.brapi.dev/icons/CPFE3.svg,38.87,8.287847,2.0849648,59.580003999999995,81.22031193185451,26.802,31831203840.0,13253650432.0,Mid Cap,56.81818181818181,2,1,7,0,1,2.4016933299482393
CPLE3,Companhia Paranaense de Energia - COPEL,Utilities,stock,34052278272,https://icons.brapi.dev/icons/CPLE3.svg,11.01,13.426829,1.2772622,67.050004,160.12566888477258,10.083999500000001,20213848064.0,5743093248.0,Mid Cap,83.33333333333333,1,2,0,0,0,3.519679585742293
CPLE5,Companhia Paranaense de Energia - COPEL,Utilities,stock,36650311680,https://icons.brapi.dev/icons/BRAPI.svg,12.64,15.414635,1.4663574,73.76,205.1174387817035,10.083999500000001,20213848064.0,5743093248.0,Mid Cap,50.0,0,0,0,0,0,3.519679585742293
CPLE6,Companhia Paranaense de Energia - COPEL,Utilities,stock,34218557440,https://icons.brapi.dev/icons/CPLE6.svg,11.88,14.487805,1.3781903,73.76,199.04186372152682,10.083999500000001,20213848064.0,5743093248.0,Mid Cap,85.71428571428572,6,8,0,0,0,3.519679585742293
CRPG5,Tronox Pigmentos do Brasil S.A.,Process Industries,stock,458975328,https://icons.brapi.dev/icons/CRPG5.svg,14.45,,0.7055664,3532.3500000000004,-2.9576173309661002,-1.155,8003000.0,-5005000.0,Micro Cap,50.0,0,0,0,0,0,-1.599000999000999
CSAN3,Cosan S.A.,Utilities,stock,10036872192,https://icons.brapi.dev/icons/CSAN3.svg,5.4,,1.3957095,0.0,-70.85865948538247,-25.155002,66775937024.0,12846945280.0,Mid Cap,70.83333333333334,2,6,4,0,0,5.197806604497345
CSED3,Cruzeiro do Sul Educacional S.A.,Consumer Services,stock,1567534976,https://icons.brapi.dev/icons/CSED3.svg,4.3,8.113209,1.0656754,31.239998000000003,-59.80238710260647,12.882,2550810880.0,627180032.0,Micro Cap,75.0,2,1,2,0,0,4.067111116190638
CSMG3,Companhia de Saneamento de Minas Gerais,Utilities,stock,9858705408,https://icons.brapi.dev/icons/CSMG3.svg,26.0,7.26257,1.1706966,45.59,132.59448140675806,16.919999999999998,6881680896.0,2821974016.0,Small Cap,55.769230769230774,1,3,8,0,1,2.4386053368961993
CSNA3,Companhia Siderúrgica Nacional,Non-Energy Minerals,stock,9311223808,https://icons.brapi.dev/icons/CSNA3.svg,6.84,,0.65236056,9532.45,-31.85955673075297,-10.2010004,52640464896.0,8378865152.0,Small Cap,39.285714285714285,0,0,10,2,2,6.282529189938681
CSUD3,CSU Digital S.A.,Commercial Services,stock,729686272,https://icons.brapi.dev/icons/CSUD3.svg,17.65,7.8444443,1.4799597,50.17,57.525719669855356,19.718,57980000.0,133073000.0,Micro Cap,50.0,0,0,0,0,0,0.43570070562773816
CTAX3,Contax Participações S.A.,Commercial Services,stock,27776526,https://icons.brapi.dev/icons/BRAPI.svg,1.04,,0.25877082,0.0,-19.379845534327465,-118.502,231020000.0,-20815000.0,Micro Cap,50.0,0,0,0,0,0,-11.098726879654096
CTKA3,Karsten S.A.,Process Industries,stock,211464656,https://icons.brapi.dev/icons/BRAPI.svg,33.0,1.7045454,37.457436,0.0,118.54304083658582,,433873984.0,107318000.0,Micro Cap,50.0,0,0,0,0,0,4.0428817532939485
CTKA4,Karsten S.A.,Process Industries,stock,211464592,https://icons.brapi.dev/icons/BRAPI.svg,35.01,1.8083676,39.738934,0.0,206.5674088234749,,433873984.0,107318000.0,Micro Cap,50.0,0,0,0,0,0,4.0428817532939485
CTSA3,Companhia Tecidos Santanense Ltda.,Process Industries,stock,19196518,https://icons.brapi.dev/icons/BRAPI.svg,2.99,,0.1591018,0.0,-93.19595656634296,-63.82600000000001,218468000.0,-71551000.0,Micro Cap,50.0,0,0,0,0,0,-3.0533186118992046
CURY3,Cury Construtora e Incorporadora S.A.,Finance,stock,9398375424,https://icons.brapi.dev/icons/CURY3.svg,32.2,11.925926,7.9762197,54.800000000000004,378.54525375018727,66.143996,1303111936.0,1085440000.0,Small Cap,81.81818181818181,3,8,0,0,0,1.2005379716981133
CVCB3,CVC Brasil Operadora e Agência de Viagens S.A.,Consumer Services,stock,1053059136,https://icons.brapi.dev/icons/CVCB3.svg,2.01,,0.5385852,0.0,-87.88449484548408,-19.5,600430016.0,198556000.0,Micro Cap,65.0,1,1,3,0,0,3.0239832389854753
CXSE3,Caixa Seguridade Participações S.A.,Finance,stock,40739999744,https://icons.brapi.dev/icons/CXSE3.svg,13.58,9.365517,3.0558057,79.31,89.64795895196238,33.316,10441000.0,4746225152.0,Mid Cap,71.42857142857143,3,6,5,0,0,0.002199853497384188
CYRE3,Cyrela Brazil Realty S.A. Empreendimentos e Participações,Finance,stock,9110155264,https://icons.brapi.dev/icons/CYRE3.svg,24.87,5.3599143,0.9309377,23.040001,36.05549509939927,19.903000000000002,7111849984.0,1459044992.0,Small Cap,75.0,4,7,1,0,1,4.874318491201127
DASA3,Diagnósticos da América S.A.,Health Services,stock,1637054592,https://icons.brapi.dev/icons/DASA3.svg,1.31,,0.21507141,0.0,-98.18336629007113,-16.229999,9627233280.0,1957533952.0,Micro Cap,41.66666666666667,0,0,7,1,1,4.918041533922779
DESK3,Desktop S.A.,Communications,stock,927080000,https://icons.brapi.dev/icons/DESK3.svg,8.0,12.307693,0.47553945,5.6500003,-66.93139605621224,6.4750000000000005,1875933056.0,459691008.0,Micro Cap,53.57142857142857,1,1,4,0,1,4.080856539182076
DEXP3,Dexxos Participações S.A.,Process Industries,stock,905813952,https://icons.brapi.dev/icons/DEXP3.svg,8.4,5.562914,0.941704,34.96,198.30360032908757,17.130000000000003,241404000.0,266799008.0,Micro Cap,100.0,1,0,0,0,0,0.9048159579363954
DEXP4,Dexxos Participações S.A.,Process Industries,stock,909084800,https://icons.brapi.dev/icons/DEXP4.svg,8.45,5.5960264,0.9473094,35.699999999999996,27.910497975085757,17.130000000000003,241404000.0,266799008.0,Micro Cap,50.0,0,0,0,0,0,0.9048159579363954
DIRR3,Direcional Engenharia S.A.,Finance,stock,7191779840,https://icons.brapi.dev/icons/DIRR3.svg,13.83,10.557252,3.263332,94.67,524.0791836339479,32.626998,2184176128.0,835545984.0,Small Cap,83.33333333333333,4,8,0,0,0,2.6140705237355313
DMVF3,d1000 Varejo Farma Participações S.A.,Distribution Services,stock,227206560,https://icons.brapi.dev/icons/DMVF3.svg,4.49,11.815789,0.25180864,0.0,-63.49593738624235,2.177,441959008.0,102844000.0,Micro Cap,50.0,0,0,0,0,0,4.297372797635253
DOHL4,Döhler S.A.,Process Industries,stock,424918240,https://icons.brapi.dev/icons/BRAPI.svg,3.87,,0.4207894,0.0,-17.757230766175148,-0.601,153724992.0,6250000.0,Micro Cap,50.0,0,0,0,0,0,24.59599872
DOTZ3,Dotz S.A.,Technology Services,stock,91226304,https://icons.brapi.dev/icons/DOTZ3.svg,6.94,,-0.34589314,0.0,-94.74242419907542,,99202000.0,17463000.0,Micro Cap,50.0,0,0,0,0,0,5.680696329382122
DXCO3,Dexco S.A.,Producer Manufacturing,stock,4546372096,https://icons.brapi.dev/icons/DXCO3.svg,5.61,23.375002,0.6679367,22.629999,-45.62960379794383,3.0869998,7855739904.0,1508333056.0,Small Cap,77.77777777777779,3,4,2,0,0,5.208226308341279
EALT3,Electro Aço Altona S.A.,Producer Manufacturing,stock,278389568,https://icons.brapi.dev/icons/EALT3.svg,13.76,3.4486215,1.046547,4.67,19.552408642298857,30.53,97561000.0,128358000.0,Micro Cap,50.0,0,0,0,0,0,0.7600694931363842
EALT4,Electro Aço Altona S.A.,Producer Manufacturing,stock,260863888,https://icons.brapi.dev/icons/EALT4.svg,10.6,2.6566417,0.8062063,1.76,157.7941287151573,30.53,97561000.0,128358000.0,Micro Cap,50.0,0,0,0,0,0,0.7600694931363842
ECOR3,EcoRodovias Infraestrutura e Logística S.A.,Transportation,stock,4827609600,https://icons.brapi.dev/icons/ECOR3.svg,6.94,6.3669724,1.2778493,0.0,-44.129019879751496,19.634001,23167973376.0,4735272960.0,Small Cap,67.3076923076923,2,7,3,0,1,4.892637356221171
EGIE3,Engie Brasil Energia S.A.,Utilities,stock,32229156864,https://icons.brapi.dev/icons/EGIE3.svg,39.5,10.704607,2.6183217,63.080000000000005,20.986065560649724,24.659,28118198272.0,6630765056.0,Mid Cap,34.61538461538461,0,0,7,4,2,4.240566214385262
EGYR11,Energy Resort Fundo De Investimento Imobiliario,Finance,fund,2222429,https://icons.brapi.dev/icons/BRAPI.svg,2.92,0.111748956,,0.0,-97.66773151160612,,,,Micro Cap,50.0,0,0,0,0,0,
EKTR4,Elektro Redes S.A.,Utilities,stock,8925964288,https://icons.brapi.dev/icons/BRAPI.svg,47.03,9.942917,3.9058216,103.86,337.75282542571574,41.821998,7481999872.0,2627000064.0,Small Cap,50.0,0,0,0,0,0,2.848115603243472
ELET3,Centrais Elétricas Brasileiras S.A. - Eletrobrás,Utilities,stock,94459510784,https://icons.brapi.dev/icons/ELET3.svg,41.57,14.384083,0.7876388,29.860002,59.69987228935456,5.6900002,74996277248.0,14432063488.0,Blue Chip,85.41666666666667,5,7,0,0,0,5.19650411116595
ELET6,Centrais Elétricas Brasileiras S.A. - Eletrobrás,Utilities,stock,94862376960,https://icons.brapi.dev/icons/ELET6.svg,45.39,15.705881,0.8600174,63.080000000000005,83.54479126584218,5.6900002,74996277248.0,14432063488.0,Blue Chip,83.33333333333333,3,6,0,0,0,5.19650411116595
EMAE3,Empresa Metropolitana de Águas e Energia S.A.,Utilities,stock,2850585088,https://icons.brapi.dev/icons/BRAPI.svg,150.0,81.08108,4.677998,41.25,868.804746358784,5.5489999999999995,0.0,12599000.0,Small Cap,50.0,0,0,0,0,0,0.0
EMAE4,Empresa Metropolitana de Águas e Energia S.A.,Utilities,stock,2802407680,https://icons.brapi.dev/icons/EMAE4.svg,28.5,15.405405,0.88881963,45.369998,23.79517825238471,5.5489999999999995,0.0,12599000.0,Small Cap,50.0,0,0,0,0,0,0.0
EMBR3,Embraer S.A.,Electronic Technology,stock,56484581376,https://icons.brapi.dev/icons/EMBR3.svg,77.0,27.797834,3.1050892,2.41,976.5254672028826,11.318,12683850752.0,4080784896.0,Blue Chip,66.66666666666666,2,1,2,1,0,3.1081890065885993
ENEV3,Eneva S.A.,Utilities,stock,26264932352,https://icons.brapi.dev/icons/ENEV3.svg,13.71,457.0,1.3835906,0.0,12.193123883461631,1.349,23378642944.0,4418314240.0,Mid Cap,77.77777777777779,3,4,2,0,0,5.291303803687806
ENGI11,Energisa S.A.,Utilities,fund,20936552448,https://icons.brapi.dev/icons/ENGI11.svg,45.8,33.188404,5.7336,,35.37625327554246,20.562,39199219712.0,8658715648.0,Mid Cap,84.61538461538461,6,6,1,0,0,4.527140202491149
ENGI3,Energisa S.A.,Utilities,stock,22630232064,https://icons.brapi.dev/icons/ENGI3.svg,13.08,8.778523,1.6374562,38.93,28.1035448175053,20.562,39199219712.0,8658715648.0,Mid Cap,50.0,0,0,1,0,0,4.527140202491149
ENGI4,Energisa S.A.,Utilities,stock,23413895168,https://icons.brapi.dev/icons/ENGI4.svg,8.16,5.47651,1.0215323,38.93,35.917947075685895,20.562,39199219712.0,8658715648.0,Mid Cap,50.0,0,0,0,0,0,4.527140202491149
ENJU3,Enjoei S.A.,Retail Trade,stock,198867472,https://icons.brapi.dev/icons/ENJU3.svg,0.97,,0.6496986,0.0,-90.06147534976688,-6.5729999999999995,10277000.0,-31677000.0,Penny Stock,50.0,0,0,3,0,0,-0.3244309751554756
ENMT3,Energisa Mato Grosso - Distribuidora de Energia S/A,Utilities,stock,11818548224,https://icons.brapi.dev/icons/BRAPI.svg,54.0,12.385321,2.8416564,63.59,142.7217432209887,25.014999999999997,7671865856.0,2110548992.0,Mid Cap,50.0,0,0,0,0,0,3.6350096041741162
ENMT4,Energisa Mato Grosso - Distribuidora de Energia S/A,Utilities,stock,11606152192,https://icons.brapi.dev/icons/BRAPI.svg,53.0,12.155963,2.7890332,63.59,140.45350587001425,25.014999999999997,7671865856.0,2110548992.0,Mid Cap,50.0,0,0,0,0,0,3.6350096041741162
EPAR3,Embpar Participacoes S.A.,Producer Manufacturing,stock,65386640,https://icons.brapi.dev/icons/EPAR3.svg,4.4,,1.5988371,291.01,12.585963377929431,-14.686,0.0,-6531000.0,Micro Cap,50.0,0,0,0,0,0,-0.0
EQMA3B,Equatorial Maranhão Distribuidora de Energia S.A.,Utilities,stock,4812232704,https://icons.brapi.dev/icons/BRAPI.svg,29.31,5.6365385,1.1771084,52.690000000000005,14.588982385731718,21.214001,4242919936.0,1647799040.0,Small Cap,50.0,0,0,0,0,0,2.5749013277735617
EQPA3,Equatorial Pará Distribuidora de Energia S.A.,Utilities,stock,12507580416,https://icons.brapi.dev/icons/EQPA3.svg,5.66,4.7563024,2.506643,55.15,170.44491372161824,40.476,6824751104.0,3001115904.0,Mid Cap,50.0,0,0,0,0,0,2.2740711529680393
EQTL3,Equatorial S.A.,Utilities,stock,43867369472,https://icons.brapi.dev/icons/EQTL3.svg,35.03,12.205575,1.675836,27.49,66.98393278821895,15.245000000000001,55214477312.0,12183723008.0,Mid Cap,85.0,6,9,0,0,0,4.531823095103641
ESPA3,MPM Corpóreos S.A.,Consumer Services,stock,368564736,https://icons.brapi.dev/icons/ESPA3.svg,1.02,34.0,0.42218545,6.21,-95.11006416115562,1.039,812361024.0,211806000.0,Micro Cap,50.0,0,0,1,0,0,3.835401376731537
ESTR4,Manufatura de Brinquedos Estrela S.A.,Consumer Durables,stock,22633798,https://icons.brapi.dev/icons/BRAPI.svg,4.2,,-0.06131118,0.0,49.99999574252529,,16369000.0,4244000.0,Micro Cap,50.0,0,0,0,0,0,3.856974552309142
ETER3,Eternit S.A.,Non-Energy Minerals,stock,257526688,https://icons.brapi.dev/icons/ETER3.svg,4.17,5.486842,0.31091562,16.600001,13.055129010297506,5.8229998,171098000.0,90357000.0,Micro Cap,50.0,0,0,0,0,0,1.8935776973560432
EUCA4,Eucatex S.A. Indústria e Comércio,Non-Energy Minerals,stock,1625683200,https://icons.brapi.dev/icons/EUCA4.svg,17.18,6.202166,0.6157486,26.569998000000002,239.5366764657044,9.8179996,1322210048.0,694369024.0,Micro Cap,50.0,0,0,0,0,0,1.9041892744339932
EVEN3,Even Construtora e Incorporadora S.A.,Finance,stock,1379426688,https://icons.brapi.dev/icons/EVEN3.svg,7.03,175.75002,0.72819555,1121.6998999999998,-28.046104635159118,4.418000200000001,1125729024.0,90492000.0,Micro Cap,46.42857142857143,0,1,5,0,1,12.44009441718605
EZTC3,EZTEC Empreendimentos e Participações S.A.,Finance,stock,2933794560,https://icons.brapi.dev/icons/EZTC3.svg,13.45,5.9777775,0.5848843,51.949999999999996,-58.94803425797291,10.493,1554435968.0,349104992.0,Small Cap,50.0,2,1,6,1,2,4.452631740081219
FESA4,Cia de Ferro Ligas da Bahia S.A. - FERBASA,Non-Energy Minerals,stock,2671104512,https://icons.brapi.dev/icons/FESA4.svg,6.12,8.27027,0.61730886,67.48000400000001,78.23923867978002,8.212,344372992.0,221974000.0,Small Cap,50.0,0,0,0,0,0,1.5514113905232145
FHER3,Fertilizantes Heringer S.A.,Process Industries,stock,210043472,https://icons.brapi.dev/icons/FHER3.svg,3.9,,-0.18811499,0.0,35.88851048360593,,521449984.0,-156576992.0,Micro Cap,50.0,0,0,0,0,0,-3.3303103945182446
FICT3,Fictor Alimentos S.A.,Commercial Services,stock,80460568,https://icons.brapi.dev/icons/FICT3.svg,3.38,,-9.494382,0.0,52.739885718324416,-157.578,14329000.0,,Micro Cap,50.0,0,0,0,0,0,
FIEI3,Fica Empreendimentos Imobiliarios S.A,Finance,stock,46020848,https://icons.brapi.dev/icons/BRAPI.svg,19.0,,0.57932127,0.0,-6.999511912946477,-0.8019999999999999,11339000.0,-3541000.0,Micro Cap,50.0,0,0,0,0,0,-3.2022027675797795
FIQE3,Unifique Telecomunicações S.A.,Communications,stock,1451261568,https://icons.brapi.dev/icons/FIQE3.svg,4.11,8.22,1.2113175,19.650000000000002,-44.06801185232177,14.929,701712000.0,473526016.0,Micro Cap,50.0,0,2,3,0,1,1.4818869001698103
FLRY3,Fleury S.A.,Health Services,stock,7608409088,https://icons.brapi.dev/icons/FLRY3.svg,13.96,12.576576,1.4143871,91.440004,-24.140215376160988,10.706,5364212224.0,1736743936.0,Small Cap,59.09090909090909,3,1,5,1,1,3.0886604022666933
FRAS3,Fras-le S.A.,Producer Manufacturing,stock,6163200512,https://icons.brapi.dev/icons/FRAS3.svg,22.14,17.712,2.7072632,68.32000000000001,372.1994681329808,16.068001000000002,2945113088.0,905944000.0,Small Cap,80.0,2,2,1,0,0,3.250877634820695
GFSA3,Gafisa S.A.,Finance,stock,150668096,https://icons.brapi.dev/icons/GFSA3.svg,13.5,,0.04330962,0.0,-98.05576524884313,4.9079999999999995,1627052032.0,-80118000.0,Micro Cap,50.0,0,0,1,0,0,-20.30819581117851
GGBR3,Gerdau S.A.,Non-Energy Minerals,stock,31831209984,https://icons.brapi.dev/icons/GGBR3.svg,14.91,9.377358,0.54233956,40.25,75.16931772753918,5.9770003,19519410176.0,8629995520.0,Mid Cap,50.0,0,0,0,0,0,2.2618100010323063
GGBR4,Gerdau S.A.,Non-Energy Minerals,stock,31341932544,https://icons.brapi.dev/icons/GGBR4.svg,16.28,10.238994,0.59217227,40.25,50.70315056015276,5.9770003,19519410176.0,8629995520.0,Mid Cap,76.66666666666666,5,6,4,0,0,2.2618100010323063
GGPS3,GPS Participações e Empreendimentos S.A.,Commercial Services,stock,11202229248,https://icons.brapi.dev/icons/GGPS3.svg,16.54,17.051546,2.997463,23.78,32.09716793211768,18.738002,5190910976.0,1753089024.0,Mid Cap,85.0,4,6,0,0,0,2.9610082003456775
GMAT3,Grupo Mateus S.A.,Retail Trade,stock,15197430784,https://icons.brapi.dev/icons/GMAT3.svg,6.77,10.415385,1.4228668,33.400002,-20.97870022695001,14.762998999999999,4940840960.0,2585635072.0,Mid Cap,72.91666666666666,2,7,3,0,0,1.9108810108219325
GOAU3,Metalurgica Gerdau S.A.,Non-Energy Minerals,stock,8956097536,https://icons.brapi.dev/icons/GOAU3.svg,9.05,1.4715447,0.46697628,5.53,94.50543797073159,5.9580002,19519410176.0,8470715904.0,Small Cap,50.0,0,0,1,0,0,2.304340081430737
GOAU4,Metalurgica Gerdau S.A.,Non-Energy Minerals,stock,8994710528,https://icons.brapi.dev/icons/GOAU4.svg,9.03,1.4682926,0.4659443,5.53,66.75327223217641,5.9580002,19519410176.0,8470715904.0,Small Cap,68.75,1,1,2,0,0,2.304340081430737
GRND3,Grendene S.A.,Consumer Non-Durables,stock,4727318016,https://icons.brapi.dev/icons/GRND3.svg,5.24,5.822222,1.1762065,53.76,9.319837150481614,21.16,86407000.0,461980000.0,Small Cap,50.0,0,0,0,0,0,0.187036235334863
GSHP3,General Shopping e Outlets do Brasil S.A.,Finance,stock,8420276,https://icons.brapi.dev/icons/BRAPI.svg,4.49,,-0.005489393,0.0,-90.7231412612303,,2284253952.0,72480000.0,Micro Cap,50.0,0,0,0,0,0,31.515645033112584
GUAR3,Guararapes Confecções S.A.,Distribution Services,stock,4073447424,https://icons.brapi.dev/icons/GUAR3.svg,8.16,14.068966,0.7369276,0.0,-45.24373773862329,-4.4889998,3155478016.0,944681024.0,Small Cap,65.0,1,1,3,0,0,3.3402576487023836
HAGA3,HAGA S/A Indústria e Comércio,Consumer Durables,stock,16505275,https://icons.brapi.dev/icons/HAGA3.svg,1.87,11.0,-0.4336735,0.0,-38.283827642722436,,20754086.0,902822.0,Micro Cap,50.0,0,0,0,0,0,22.988015356293932
HAGA4,HAGA S/A Indústria e Comércio,Consumer Durables,stock,16714208,https://icons.brapi.dev/icons/HAGA4.svg,1.16,6.8235292,-0.2690167,0.0,-35.91160202800694,,20754086.0,902822.0,Micro Cap,50.0,0,0,0,0,0,22.988015356293932
HAPV3,Hapvida Participações e Investimentos S.A.,Health Services,stock,18721390592,https://icons.brapi.dev/icons/HAPV3.svg,37.82,,0.39106202,0.0,-79.52310662151663,-1.023,16839942144.0,2798315008.0,Mid Cap,82.6923076923077,5,7,1,0,0,6.017886512367945
HBOR3,Helbor Empreendimentos S.A.,Consumer Durables,stock,374197056,https://icons.brapi.dev/icons/HBOR3.svg,2.82,6.5581393,0.25606102,21.149999,-73.86831158435318,5.844,1740375040.0,178480000.0,Micro Cap,50.0,0,0,3,0,0,9.751092783505154
HBRE3,HBR Realty Empreendimentos Imobiliários S.A.,Finance,stock,366477088,https://icons.brapi.dev/icons/HBRE3.svg,3.56,16.952381,0.18263902,0.0,-81.16402108659736,3.766,1645380992.0,79503000.0,Micro Cap,62.5,1,1,1,1,0,20.695835276656226
HBSA3,Hidrovias do Brasil S.A.,Transportation,stock,4761330176,https://icons.brapi.dev/icons/HBSA3.svg,3.5,,2.2123895,0.0,-52.83018916425485,-20.039,3738631936.0,377910016.0,Small Cap,66.66666666666666,2,2,1,0,1,9.892915714623452
HOOT4,Hotéis Othon S.A.,Consumer Services,stock,29051724,https://icons.brapi.dev/icons/HOOT4.svg,3.68,1.4661355,-1.9616205,0.0,38.34586270729308,,5000.0,77622000.0,Micro Cap,50.0,0,0,0,0,0,6.441472778336039e-05
HYPE3,Hypera S.A.,Health Technology,stock,14658913280,https://icons.brapi.dev/icons/HYPE3.svg,23.16,19.794872,1.2224216,99.92999999999999,-12.127323911045496,6.136,9066365952.0,1142670976.0,Mid Cap,63.46153846153846,2,3,8,0,0,7.934362683943764
IFCM3,Infracommerce CXaaS S.A.,Distribution Services,stock,37010200,https://icons.brapi.dev/icons/IFCM3.svg,0.5,,-0.13495277,0.0,-99.78567964889345,-199.21299,831065024.0,-139118000.0,Penny Stock,100.0,1,0,0,0,0,-5.973813769605658
IGTI11,Iguatemi S.A.,Finance,fund,0,https://icons.brapi.dev/icons/IGTI11.svg,21.74,133.37424,5.808175,,17.63090878017448,12.889000000000001,4097315072.0,992096000.0,N/A,85.41666666666667,5,7,0,0,0,4.129958262103667
IGTI3,Iguatemi S.A.,Finance,stock,6250873344,https://icons.brapi.dev/icons/IGTI3.svg,2.65,5.8888893,0.70798826,21.43,25.95051230506684,12.889000000000001,4097315072.0,992096000.0,Small Cap,50.0,0,0,0,0,0,4.129958262103667
INEP3,Inepar S.A. Indústria e Construções,Industrial Services,stock,67758408,https://icons.brapi.dev/icons/INEP3.svg,1.52,,-0.040337563,0.0,3.4013572342277643,,927512000.0,-66140000.0,Micro Cap,50.0,0,0,0,0,0,-14.023465376474146
INEP4,Inepar S.A. Indústria e Construções,Industrial Services,stock,66306036,https://icons.brapi.dev/icons/INEP4.svg,1.45,,-0.038479913,0.0,2.8368852488815266,,927512000.0,-66140000.0,Micro Cap,50.0,0,0,0,0,0,-14.023465376474146
INTB3,Intelbras S.A. - Indústria de Telecomunicação Eletrônica Brasileira,Technology Services,stock,3981463808,https://icons.brapi.dev/icons/INTB3.svg,12.16,8.811594,1.3539695,33.37,-29.856067971820266,15.418999999999999,985347968.0,517119008.0,Small Cap,80.55555555555556,4,3,2,0,0,1.9054568730917738
IRBR3,IRB-Brasil Resseguros S.A.,Finance,stock,3789326080,https://icons.brapi.dev/icons/IRBR3.svg,46.3,6.1081796,0.76924354,0.0,-74.12993049828447,14.732000000000001,527932992.0,718619008.0,Small Cap,57.14285714285714,1,2,3,0,1,0.7346493567840611
IRIM11,Iridium Fundo De Investimento Imobiliario,Finance,fund,127737600,https://icons.brapi.dev/icons/BRAPI.svg,66.53,85.294876,,1177.1601,-8.067195281014206,,,,Micro Cap,50.0,0,0,0,0,0,
ISAE3,ISA Energía Brasil S.A.,Utilities,stock,16509185024,https://icons.brapi.dev/icons/ISAE3.svg,30.14,6.1135902,0.96392477,47.9,57.741481512389804,16.416,14112054272.0,4201111040.0,Mid Cap,50.0,0,0,0,0,0,3.359124321550901
ISAE4,ISA Energía Brasil S.A.,Utilities,stock,16580532224,https://icons.brapi.dev/icons/ISAE4.svg,21.88,4.4381337,0.6997569,47.9,49.745148228353806,16.416,14112054272.0,4201111040.0,Mid Cap,44.642857142857146,1,2,6,3,2,3.359124321550901
ITSA3,Itaúsa S.A.,Finance,stock,115891748864,https://icons.brapi.dev/icons/ITSA3.svg,10.55,7.589928,1.2769306,63.080000000000005,63.86097095362915,17.228001000000003,12675999744.0,1847000064.0,Blue Chip,50.0,0,0,0,0,0,6.863020738909947
ITSA4,Itaúsa S.A.,Finance,stock,116326039552,https://icons.brapi.dev/icons/ITSA4.svg,10.58,7.6115108,1.2805616,63.080000000000005,94.99274836742696,17.228001000000003,12675999744.0,1847000064.0,Blue Chip,82.14285714285714,2,5,0,0,0,6.863020738909947
ITUB3,Itaú Unibanco Holding S.A.,Finance,stock,370660737024,https://icons.brapi.dev/icons/ITUB3.svg,32.46,8.115,1.6784735,66.040003,109.51218800563298,20.809,1012388986880.0,,Blue Chip,50.0,0,0,0,0,0,
ITUB4,Itaú Unibanco Holding S.A.,Finance,stock,370481823744,https://icons.brapi.dev/icons/ITUB4.svg,36.31,9.0775,1.8775531,66.040003,115.9697293608092,20.809,1012388986880.0,,Blue Chip,78.84615384615384,3,9,1,0,0,
JALL3,Jalles Machado S/A,Process Industries,stock,844334400,https://icons.brapi.dev/icons/JALL3.svg,2.8,,0.42443535,17.639999,-65.131839907386,-3.3259999999999996,4944247808.0,1032227968.0,Micro Cap,79.16666666666667,1,5,0,0,0,4.78987971773305
JFEN3,João Fortes Engenharia S.A.,Consumer Durables,stock,18819970,https://icons.brapi.dev/icons/JFEN3.svg,1.47,,11.854839,0.0,-99.66050807653343,,278904000.0,-167674000.0,Micro Cap,50.0,0,0,0,0,0,-1.66337058816513
JHSF3,JHSF Participações S.A.,Finance,stock,3643673600,https://icons.brapi.dev/icons/JHSF3.svg,5.45,3.2831326,0.6340895,22.37,-6.055327144592637,18.346001,5320522240.0,689526976.0,Small Cap,71.42857142857143,1,4,2,0,0,7.716191570726886
JSLG3,JSL S.A.,Transportation,stock,1453442432,https://icons.brapi.dev/icons/JSLG3.svg,5.11,12.166667,0.79893684,99.82,-33.196521576511294,6.587999999999999,7941791744.0,1668521984.0,Micro Cap,84.375,3,5,0,0,0,4.759776508884165
KEPL3,Kepler Weber S.A.,Producer Manufacturing,stock,1267056896,https://icons.brapi.dev/icons/KEPL3.svg,7.31,8.599999,1.7384067,41.81,61.46676446542914,20.444000000000003,343720000.0,247164992.0,Micro Cap,62.5,0,1,1,0,0,1.3906500156785957
KLBN11,Klabin S.A.,Non-Energy Minerals,fund,128405430272,https://icons.brapi.dev/icons/KLBN11.svg,17.98,27.201208,10.715137,,-2.3249115098760487,18.424,37616013312.0,7167886848.0,Blue Chip,70.0,4,4,7,0,0,5.247852555386767
KLBN3,Klabin S.A.,Non-Energy Minerals,stock,21945479168,https://icons.brapi.dev/icons/KLBN3.svg,3.65,10.735294,2.1752086,68.19,-12.649396639218946,18.424,37616013312.0,7167886848.0,Mid Cap,50.0,0,0,0,0,0,5.247852555386767
KLBN4,Klabin S.A.,Non-Energy Minerals,stock,21943480320,https://icons.brapi.dev/icons/KLBN4.svg,3.59,10.558824,2.1394517,68.19,0.4966382545072756,18.424,37616013312.0,7167886848.0,Mid Cap,87.5,1,1,0,0,0,5.247852555386767
LAND3,Terra Santa Propriedades Agrícolas S.A.,Finance,stock,968805504,https://icons.brapi.dev/icons/LAND3.svg,10.07,91.545456,1.3234327,78.81,-25.830250993258307,2.247,43563000.0,30348000.0,Micro Cap,50.0,0,0,0,0,0,1.4354487939897194
LAVV3,Lavvi Empreendimentos Imobiliários S.A.,Finance,stock,2376477440,https://icons.brapi.dev/icons/LAVV3.svg,12.16,5.7630334,1.52019,33.240002000000004,112.46881770778438,27.96,401574016.0,410472000.0,Small Cap,83.33333333333333,2,4,0,0,0,0.9783225554970862
LEVE3,MAHLE Metal Leve S.A.,Producer Manufacturing,stock,3639222528,https://icons.brapi.dev/icons/LEVE3.svg,26.85,6.763224,4.923895,23.94,144.83737521925497,61.931000000000004,1402411008.0,806044032.0,Small Cap,56.25,1,0,2,1,0,1.7398689802593812
LIGT3,Light S.A.,Utilities,stock,3015851520,https://icons.brapi.dev/icons/LIGT3.svg,5.98,0.91858673,0.42692938,0.0,-59.39870107897222,57.773995,10278062080.0,2815024128.0,Small Cap,37.5,0,0,1,1,0,3.651145287803373
LJQQ3,Lojas Quero-Quero S.A.,Retail Trade,stock,451079072,https://icons.brapi.dev/icons/LJQQ3.svg,2.18,,0.920997,16272.53,-82.09714106655154,-14.116000000000001,2203508992.0,113739000.0,Micro Cap,80.0,2,2,1,0,0,19.37338109179789
LOGG3,LOG Commercial Properties e Participações S.A.,Industrial Services,stock,1772175744,https://icons.brapi.dev/icons/LOGG3.svg,20.37,4.9441752,0.47382012,47.370000000000005,-23.368464845275618,9.822000000000001,2558415872.0,220116992.0,Micro Cap,52.5,1,3,4,0,2,11.62298216395761
LOGN3,Log-In Logística Intermodal S.A.,Transportation,stock,2675539200,https://icons.brapi.dev/icons/LOGN3.svg,25.22,14.411428,2.5585876,0.0,54.06229700923788,9.028,2041447040.0,525462016.0,Small Cap,50.0,0,0,1,0,0,3.8850515885814283
LPSB3,LPS Brasil - Consultoria de Imóveis S.A.,Commercial Services,stock,194948960,https://icons.brapi.dev/icons/LPSB3.svg,1.42,6.7619047,0.80362195,15.409999999999998,-68.89529822154292,16.775998,12792000.0,47213000.0,Micro Cap,50.0,0,0,1,0,0,0.2709423252070404
LREN3,Lojas Renner S.A.,Retail Trade,stock,15880791040,https://icons.brapi.dev/icons/LREN3.svg,15.87,12.114504,1.541525,54.52,-43.54307911588363,13.270001,3101498112.0,2111467008.0,Mid Cap,73.33333333333334,4,6,5,0,0,1.468883056305846
LUPA3,Lupatech S.A.,Producer Manufacturing,stock,54645248,https://icons.brapi.dev/icons/LUPA3.svg,1.25,,0.43448034,0.0,-39.903843949532295,-25.95,180812992.0,-31953000.0,Micro Cap,50.0,0,0,0,0,0,-5.658717240947642
LUXM4,Trevisa Investimentos S.A.,Transportation,stock,94475472,https://icons.brapi.dev/icons/BRAPI.svg,3.64,4.136364,0.9632178,12.659999999999998,-25.294040391891404,25.879,20555000.0,34860000.0,Micro Cap,50.0,0,0,0,0,0,0.5896442914515204
LVTC3,Livetech da Bahia Indústria e Comércio S.A.,Distribution Services,stock,197999872,https://icons.brapi.dev/icons/LVTC3.svg,3.12,6.24,0.305224,0.0,-85.80395593874637,1.086,644425024.0,232618000.0,Micro Cap,50.0,0,0,0,0,0,2.7703145242414604
LWSA3,Locaweb Serviços de Internet S.A.,Technology Services,stock,2237545216,https://icons.brapi.dev/icons/LWSA3.svg,4.08,68.0,0.8197709,113.73,-70.91411424085878,1.154,78246000.0,178368992.0,Small Cap,67.5,2,3,5,0,0,0.4386749015209998
MATD3,Hospital Mater Dei S.A.,Health Services,stock,1569560064,https://icons.brapi.dev/icons/MATD3.svg,4.69,13.794118,1.0922217,22.02,-68.85035918080945,8.881,2184306944.0,369799008.0,Micro Cap,65.625,2,1,5,0,0,5.9067409504786985
MDIA3,M. Dias Branco S.A. Indústria e Comércio de Alimentos,Consumer Non-Durables,stock,9759645696,https://icons.brapi.dev/icons/MDIA3.svg,29.1,16.820808,1.1989617,31.780002000000003,-8.702783590775788,7.3870000000000005,2228758016.0,1060902976.0,Small Cap,47.5,0,1,8,0,1,2.1008122952046464
MDNE3,Moura Dubeux Engenharia S.A.,Finance,stock,1912421632,https://icons.brapi.dev/icons/MDNE3.svg,22.61,5.8575134,1.2302754,16.860001,149.33580015699496,20.556,498305984.0,366868000.0,Micro Cap,80.0,1,4,0,0,0,1.358270506013062
MEAL3,International Meal Company Alimentação S.A.,Consumer Non-Durables,stock,372680064,https://icons.brapi.dev/icons/MEAL3.svg,1.3,,0.375614,0.0,-66.233766635889,-8.7290004,1229042944.0,150140992.0,Micro Cap,50.0,0,0,0,0,0,8.185925293473485
MELK3,Melnick Desenvolvimento Imobiliário S.A.,Industrial Services,stock,746015872,https://icons.brapi.dev/icons/MELK3.svg,3.63,6.258621,0.6846473,75.86,-15.707250118422566,8.913,367056992.0,54925000.0,Micro Cap,87.5,1,1,0,0,0,6.682876504324078
MGEL4,Mangels Industrial S.A.,Producer Manufacturing,stock,16796184,https://icons.brapi.dev/icons/MGEL4.svg,4.52,,47.083332,0.0,-24.540898937584476,33.783,569385984.0,79025000.0,Micro Cap,50.0,0,0,0,0,0,7.205137412211325
MGLU3,Magazine Luiza S.A.,Retail Trade,stock,5058982400,https://icons.brapi.dev/icons/MGLU3.svg,6.86,13.192308,0.45639014,58.24,-96.6250407722116,3.496,9726083072.0,1756504064.0,Small Cap,45.0,1,1,9,2,2,5.537182219693401
MILS3,"Mills Locação, Serviços e Logística S.A.",Finance,stock,2776781056,https://icons.brapi.dev/icons/MILS3.svg,12.25,9.496124,1.8054533,39.069998,118.97397374829728,20.108,1761299968.0,792793024.0,Small Cap,71.42857142857143,2,2,3,0,0,2.2216390844528924
MLAS3,Grupo Multi S.A.,Electronic Technology,stock,791267712,https://icons.brapi.dev/icons/MLAS3.svg,0.98,,0.27064347,0.0,-92.2497294280467,-3.8120000000000003,681811008.0,55058000.0,Penny Stock,50.0,0,0,3,0,0,12.383504813106178
MNDL3,Mundial S.A. - Produtos de Consumo,Consumer Non-Durables,stock,171581040,https://icons.brapi.dev/icons/BRAPI.svg,17.3,192.2222,1.07134,0.0,179.03225434310218,1.695,480640992.0,112974000.0,Micro Cap,50.0,0,0,0,0,0,4.25443900366456
MNPR3,Minupar Participações S.A.,Process Industries,stock,221949120,https://icons.brapi.dev/icons/MNPR3.svg,31.26,15.32353,-0.7117,0.0,447.4605957975865,,55146000.0,205608000.0,Micro Cap,50.0,0,0,0,0,0,0.26820940819423367
MOAR3,Monteiro Aranha S.A.,Finance,stock,1470634112,https://icons.brapi.dev/icons/BRAPI.svg,120.04,,16.441584,569.17,-4.350736433071766,-1.754,727110016.0,-26329000.0,Micro Cap,50.0,0,0,0,0,0,-27.61631721675719
MOTV3,Motiva Infraestrutura de Mobilidade S.A.,Transportation,stock,25935319040,https://icons.brapi.dev/icons/BRAPI.svg,12.9,12.524272,1.7639818,14.67,0.3366528833204985,14.685,39187509248.0,7419463168.0,Mid Cap,68.75,2,7,2,0,1,5.281717606876865
MOVI3,Movida Participações S.A.,Finance,stock,2287085056,https://icons.brapi.dev/icons/MOVI3.svg,6.7,10.46875,0.8675385,27.57,-52.6550173945221,11.12,20092637184.0,4930704896.0,Small Cap,67.3076923076923,2,5,6,0,0,4.075002987970343
MRFG3,Marfrig Global Foods S.A.,Consumer Non-Durables,stock,19535372288,https://icons.brapi.dev/icons/MRFG3.svg,23.4,14.355828,6.892489,173.52,122.05363529476499,12.0170005,66303942656.0,11297482752.0,Mid Cap,69.23076923076923,3,4,6,0,0,5.868912934986528
MRSA3B,MRS Logística S.A.,Transportation,stock,8951547904,https://icons.brapi.dev/icons/BRAPI.svg,27.9,6.518691,1.2630149,22.259999999999998,10.516619914280234,19.753999999999998,8897777664.0,3511367936.0,Small Cap,50.0,0,0,0,0,0,2.533991830584398
MRVE3,MRV Engenharia e Participações S.A.,Consumer Durables,stock,4074853120,https://icons.brapi.dev/icons/MRVE3.svg,7.24,,0.39500242,0.0,-57.354565095982544,-21.170999,7852042240.0,29969000.0,Small Cap,67.3076923076923,2,5,6,0,0,262.005480329674
MTRE3,Mitre Realty Empreendimentos e Participações S.A.,Finance,stock,353288480,https://icons.brapi.dev/icons/MTRE3.svg,3.34,6.185185,0.35403857,72.0,-62.546408689056186,8.068,632558016.0,95939000.0,Micro Cap,50.0,0,0,3,0,0,6.5933355152753315
MTSA4,METISA Metalúrgica Timboense S.A.,Producer Manufacturing,stock,502426880,https://icons.brapi.dev/icons/BRAPI.svg,40.08,8.545842,0.7426899,58.660000000000004,126.6298970573168,9.312,28131908.0,57042192.0,Micro Cap,50.0,0,0,0,0,0,0.49317719066616517
MULT3,Multiplan Empreendimentos Imobiliários S.A.,Finance,stock,12757398528,https://icons.brapi.dev/icons/MULT3.svg,26.11,10.657143,2.1601722,45.560002,45.174194270898724,19.749,5157329920.0,1922375040.0,Mid Cap,80.76923076923077,4,8,1,0,0,2.682790721211195
MWET4,Wetzel S.A.,Producer Manufacturing,stock,23347632,https://icons.brapi.dev/icons/BRAPI.svg,10.56,0.8328076,22.807775,0.0,54.61201372732509,362.73,105604000.0,60051000.0,Micro Cap,50.0,0,0,0,0,0,1.7585718805681838
MYPK3,Iochpe-Maxion S.A.,Producer Manufacturing,stock,1993438720,https://icons.brapi.dev/icons/MYPK3.svg,13.31,7.233696,0.4616879,31.75,36.50315815006151,8.009,5606113792.0,1499593984.0,Micro Cap,58.333333333333336,2,3,2,0,2,3.7384211005210326
NATU3,Natura Cosméticos S.A.,Consumer Non-Durables,stock,11530007552,https://icons.brapi.dev/icons/BRAPI.svg,8.4,,0.7675438,0.0,-77.21107032165577,2.1,6937277952.0,2364498944.0,Mid Cap,59.375,0,3,5,0,0,2.9339315078163133
NEOE3,Neoenergia S.A.,Utilities,stock,31862247424,https://icons.brapi.dev/icons/NEOE3.svg,26.25,7.3735957,0.9046421,23.26,73.21646501379337,12.958,51788001280.0,13445000192.0,Mid Cap,81.81818181818181,4,6,1,0,0,3.851840873220272
NEXP3,Nexpe Participações S.A.,Finance,stock,9423652,https://icons.brapi.dev/icons/NEXP3.svg,3.55,0.030858831,-0.05039464,0.0,-95.38909967976775,,1026000.0,122373000.0,Micro Cap,50.0,0,0,0,0,0,0.008384202397587703
NGRD3,Neogrid Participações S.A.,Technology Services,stock,231718912,https://icons.brapi.dev/icons/NGRD3.svg,25.94,,0.52513313,0.0,-78.4741611700457,-6.909999999999999,18507000.0,-43103000.0,Micro Cap,50.0,0,0,1,0,0,-0.4293668654154003
NUTR3,Nutriplant Indústria e Comércio S/A,Process Industries,stock,37318188,https://icons.brapi.dev/icons/NUTR3.svg,2.82,6.714286,0.87414753,0.0,87.99999554951985,,13467000.0,15468000.0,Micro Cap,50.0,0,0,0,0,0,0.8706361520558572
ODPV3,Odontoprev S.A.,Health Services,stock,7009895936,https://icons.brapi.dev/icons/ODPV3.svg,12.86,12.018691,5.4261603,85.65,34.76100029061482,45.883,23861000.0,872995008.0,Small Cap,38.63636363636363,0,0,8,1,2,0.02733234415012829
OFSA3,Ouro Fino Saúde Animal Participações S.A.,Health Technology,stock,1183424896,https://icons.brapi.dev/icons/OFSA3.svg,22.01,9.057613,1.7996731,27.51,-12.409618837385795,19.431,421062016.0,210244992.0,Micro Cap,50.0,0,0,1,0,0,2.002720787756029
OIBR3,Oi S.A.,Communications,stock,187723264,https://icons.brapi.dev/icons/OIBR3.svg,0.55,0.0032442636,-0.012142889,0.0,-99.64968152106948,,12973458432.0,-2099744000.0,Penny Stock,50.0,0,0,0,0,0,-6.178590548181112
OIBR4,Oi S.A.,Communications,stock,191136208,https://icons.brapi.dev/icons/OIBR4.svg,6.9,0.040700763,-0.15233806,0.0,-96.86363632028753,,12973458432.0,-2099744000.0,Micro Cap,50.0,0,0,0,0,0,-6.178590548181112
ONCO3,Oncoclínicas do Brasil Serviços Médicos S.A.,Health Services,stock,3155178496,https://icons.brapi.dev/icons/ONCO3.svg,4.98,,1.001609,0.0,-66.27529195601245,-28.408,5313551872.0,-198044992.0,Small Cap,41.66666666666667,1,0,4,3,1,-26.83002391698953
OPCT3,OceanPact Serviços Marítimos S.A.,Commercial Services,stock,1269702528,https://icons.brapi.dev/icons/OPCT3.svg,6.4,,1.2761716,0.0,-42.60089404190454,-0.95,1557833984.0,481672000.0,Micro Cap,91.66666666666667,2,1,0,0,0,3.234221594778189
ORVR3,Orizon Valorização de Resíduos S.A.,Utilities,stock,4973605888,https://icons.brapi.dev/icons/ORVR3.svg,51.74,224.95653,5.5154037,0.0,135.87091117284876,4.901,2038194048.0,362257984.0,Small Cap,81.25,2,6,0,0,0,5.626360599411937
OSXB3,OSX Brasil S.A.,Industrial Services,stock,7901580,https://icons.brapi.dev/icons/OSXB3.svg,2.51,,-0.0009419104,0.0,-43.08389847368853,,7336968192.0,-1044000.0,Micro Cap,50.0,0,0,0,0,0,-7027.747310344827
PATI3,Panatlântica S.A.,Producer Manufacturing,stock,1037262464,https://icons.brapi.dev/icons/PATI3.svg,43.73,12.046831,1.3606945,139.23000000000002,226.09438313858487,9.8170005,402217984.0,141568992.0,Micro Cap,50.0,0,0,0,0,0,2.8411446483987115
PCAR3,Companhia Brasileira De Distribuicao,Retail Trade,stock,1421672832,https://icons.brapi.dev/icons/PCAR3.svg,2.9,,0.5567287,0.0,-63.41513504883673,-36.366,8780000256.0,657000000.0,Micro Cap,38.46153846153846,0,0,9,2,2,13.363775123287672
PDGR3,PDG Realty S.A. Empreendimentos e Participações,Finance,stock,5344362,https://icons.brapi.dev/icons/PDGR3.svg,0.18,,-0.0015582258,0.0,-99.99963621953935,,426572000.0,-109084000.0,Penny Stock,50.0,0,0,0,0,0,-3.910490997763192
PDTC3,Padtec Holding S.A.,Electronic Technology,stock,79469600,https://icons.brapi.dev/icons/PDTC3.svg,1.0,,0.6738545,0.0,-83.10416850456947,-14.149999999999999,370468000.0,11928000.0,Micro Cap,50.0,0,0,0,0,0,31.058685446009388
PEAB3,Companhia de Participações Aliança da Bahia,Finance,stock,716404800,https://icons.brapi.dev/icons/BRAPI.svg,38.79,20.41579,0.76945966,62.08,16.39787404843911,4.366,159131008.0,7525000.0,Micro Cap,50.0,0,0,0,0,0,21.14697780730897
PETR3,Petróleo Brasileiro S.A. - Petrobras,Energy Minerals,stock,404295286784,https://icons.brapi.dev/icons/PETR3.svg,32.41,5.6072664,1.0463614,65.419996,343.2292803779931,20.009,371437010944.0,195306995712.0,Blue Chip,83.33333333333333,3,6,0,0,0,1.9018110927870786
PETR4,Petróleo Brasileiro S.A. - Petrobras,Energy Minerals,stock,405588082688,https://icons.brapi.dev/icons/PETR4.svg,30.04,5.197232,0.96984565,65.419996,333.17450335319705,20.009,371437010944.0,195306995712.0,Blue Chip,80.76923076923077,5,6,2,0,0,1.9018110927870786
PETZ3,Pet Center Comércio e Participações S.A.,Process Industries,stock,1754934656,https://icons.brapi.dev/icons/PETZ3.svg,3.89,,1.0431751,23.830000000000002,-72.98364411824627,-0.9249999999999999,1428183040.0,300238016.0,Micro Cap,44.44444444444444,0,0,7,2,0,4.756836122977845
PFRM3,Profarma Distribuidora de Produtos Farmacêuticos S.A.,Distribution Services,stock,950235264,https://icons.brapi.dev/icons/PFRM3.svg,7.75,8.072917,0.7110744,59.77,77.1033637474902,7.7800006,1581858944.0,350467008.0,Micro Cap,50.0,0,0,0,0,0,4.513574481738378
PGMN3,Empreendimentos Pague Menos S.A.,Retail Trade,stock,2219438848,https://icons.brapi.dev/icons/PGMN3.svg,3.58,13.259258,0.7987506,92.88,-55.47793971574638,6.0040000000000004,3700451072.0,686200000.0,Small Cap,50.0,0,2,4,0,1,5.39267133780239
PINE3,Banco Pine S.A.,Finance,stock,1389767936,https://icons.brapi.dev/icons/PINE3.svg,6.0,4.9586773,1.1730206,40.64,-19.691743828465526,25.217,6564994048.0,,Micro Cap,50.0,0,0,0,0,0,
PINE4,Banco Pine S.A.,Finance,stock,1348862464,https://icons.brapi.dev/icons/PINE4.svg,6.25,5.165289,1.2218964,40.67,168.186976689655,25.217,6564994048.0,,Micro Cap,50.0,0,0,0,0,0,
PLAS3,Plascar Participações Industriais S.A.,Producer Manufacturing,stock,62251256,https://icons.brapi.dev/icons/BRAPI.svg,5.01,,-0.09928263,0.0,8.913050711943814,,287617984.0,16652000.0,Micro Cap,50.0,0,0,0,0,0,17.272278645207784
PLPL3,Plano & Plano Desenvolvimento Imobiliário S.A.,Finance,stock,2558694912,https://icons.brapi.dev/icons/PLPL3.svg,12.61,7.1647725,2.9587047,55.979997000000004,81.14705407692912,55.564,312316000.0,505320000.0,Small Cap,83.33333333333333,3,6,0,0,0,0.6180558853795615
PMAM3,Paranapanema S.A.,Non-Energy Minerals,stock,112459200,https://icons.brapi.dev/icons/PMAM3.svg,1.4,,-0.016890464,0.0,-88.06479087132827,,5308745216.0,-220220992.0,Micro Cap,50.0,0,0,0,0,0,-24.106444929645946
PNVL3,Dimed S.A. Distribuidora de Medicamentos,Retail Trade,stock,1452215296,https://icons.brapi.dev/icons/PNVL3.svg,9.83,15.359375,1.1755561,66.040003,-52.81675776322683,9.759,1221611008.0,414656992.0,Micro Cap,80.0,2,2,1,0,0,2.946075989477105
POMO3,Marcopolo S.A.,Producer Manufacturing,stock,9248644096,https://icons.brapi.dev/icons/POMO3.svg,7.01,6.676191,1.8920379,54.67999999999999,259.67489393549516,30.563997999999998,3392624128.0,1523026944.0,Small Cap,50.0,0,0,0,0,0,2.2275535842391507
POMO4,Marcopolo S.A.,Producer Manufacturing,stock,9321714688,https://icons.brapi.dev/icons/POMO4.svg,8.96,8.533334,2.4183536,54.67999999999999,310.9911390921069,30.563997999999998,3392624128.0,1523026944.0,Small Cap,84.375,3,5,0,0,0,2.2275535842391507
PORT3,Wilson Sons S.A.,Transportation,stock,7880276992,https://icons.brapi.dev/icons/PORT3.svg,17.87,11.382166,3.029841,86.69,89.75646168106242,27.236998,2673576960.0,1272204032.0,Small Cap,66.66666666666666,1,0,2,0,0,2.101531588291649
POSI3,Positivo Tecnologia S.A.,Electronic Technology,stock,593038912,https://icons.brapi.dev/icons/POSI3.svg,4.26,,0.37114483,1954.34,14.471337120954653,0.331,1317600000.0,255064000.0,Micro Cap,75.0,1,2,1,0,0,5.165762318476931
PRIO3,Prio S.A.,Energy Minerals,stock,29898170368,https://icons.brapi.dev/icons/PRIO3.svg,36.85,2.8924646,1.1419982,0.0,295.08871494816816,47.937000000000005,23035330560.0,7388887040.0,Mid Cap,76.78571428571428,4,7,3,0,0,3.117564314530379
PRNR3,Priner Serviços Industriais S.A.,Industrial Services,stock,718356416,https://icons.brapi.dev/icons/PRNR3.svg,15.3,52.75862,2.1004944,17.790001999999998,54.06523029291499,9.488000000000001,730136000.0,170090000.0,Micro Cap,87.5,1,1,0,0,0,4.292645070256923
PSSA3,Porto Seguro S.A.,Finance,stock,33346885632,https://icons.brapi.dev/icons/PSSA3.svg,51.81,10.861635,2.2966444,40.240002000000004,127.83550266109293,23.037,138500000.0,5073032192.0,Mid Cap,75.0,3,5,3,0,0,0.02730122631951948
PTBL3,PBG S.A.,Producer Manufacturing,stock,525881536,https://icons.brapi.dev/icons/PTBL3.svg,3.73,,2.1145124,0.0,3.3748504361436726,-46.008998,1965841024.0,184948000.0,Micro Cap,50.0,0,0,0,0,0,10.629155351774553
PTNT3,Pettenati S.A. Industria Têxtil,Process Industries,stock,295813120,https://icons.brapi.dev/icons/PTNT3.svg,9.27,13.434783,1.0126721,39.119998,71.58829189656934,9.648,386759712.0,88470272.0,Micro Cap,50.0,0,0,0,0,0,4.371634711375139
PTNT4,Pettenati S.A. Industria Têxtil,Process Industries,stock,292597312,https://icons.brapi.dev/icons/PTNT4.svg,4.55,6.594203,0.49705046,39.119998,16.389899323546153,9.648,386759712.0,88470272.0,Micro Cap,50.0,0,0,0,0,0,4.371634711375139
QUAL3,Qualicorp Consultoria e Corretora de Seguros S.A.,Health Services,stock,514822944,https://icons.brapi.dev/icons/QUAL3.svg,1.83,183.00002,0.393972,0.0,-92.55724998756888,1.2619999,1381410944.0,363769984.0,Micro Cap,33.333333333333336,0,0,6,0,3,3.797484687466682
RADL3,Raia Drogasil S.A.,Retail Trade,stock,29720549376,https://icons.brapi.dev/icons/RADL3.svg,17.35,23.445946,4.282893,46.910000000000004,-10.654540861387785,19.219998999999998,8420909056.0,4876509184.0,Mid Cap,60.0,3,3,7,1,1,1.7268313743013757
RAIL3,Rumo S.A.,Transportation,stock,28620025856,https://icons.brapi.dev/icons/RAIL3.svg,15.43,44.085716,2.130627,232.6,-27.370678103829206,4.7020003,27253602304.0,7207649792.0,Mid Cap,73.33333333333334,3,8,4,0,0,3.781205121015957
RAIZ4,Raízen S.A.,Retail Trade,stock,10756719616,https://icons.brapi.dev/icons/RAIZ4.svg,1.04,,0.6615776,215.01000000000002,-83.71050098709955,-35.359,72884953088.0,8812768256.0,Mid Cap,76.78571428571428,3,9,2,0,0,8.27038122083577
RANI3,Irani Papel e Embalagem S.A.,Process Industries,stock,1713426432,https://icons.brapi.dev/icons/RANI3.svg,7.42,4.4698796,1.205524,39.82,155.9274574943172,29.266,1834034048.0,473191008.0,Micro Cap,87.5,2,2,0,0,0,3.875885249281829
RAPT3,Randoncorp S.A.,Producer Manufacturing,stock,2155763712,https://icons.brapi.dev/icons/RAPT3.svg,6.33,10.549999,0.67984104,68.19,-25.617541006533795,10.257,9338616832.0,1719592960.0,Small Cap,50.0,0,0,0,0,0,5.4307135753800715
RAPT4,Randoncorp S.A.,Producer Manufacturing,stock,2094621312,https://icons.brapi.dev/icons/RAPT4.svg,6.49,10.816666,0.697025,68.53,-28.04176443574986,10.257,9338616832.0,1719592960.0,Small Cap,75.0,2,6,2,0,0,5.4307135753800715
RBIF11,Rio Bravo Esg FICFI Em Infraestrutura Renda Fixa Credito Privado,Finance,fund,0,https://icons.brapi.dev/icons/BRAPI.svg,72.05,,,,-1.0814203987627113,,,,N/A,50.0,0,0,0,0,0,
RCSL3,Recrusul S/A,Producer Manufacturing,stock,38055200,https://icons.brapi.dev/icons/RCSL3.svg,1.6,,-2.9143896,0.0,-88.28381405017748,,8478000.0,-16285000.0,Micro Cap,50.0,0,0,0,0,0,-0.5206017807798587
RCSL4,Recrusul S/A,Producer Manufacturing,stock,42190612,https://icons.brapi.dev/icons/RCSL4.svg,1.1,,-2.003643,0.0,-94.40198214238741,,8478000.0,-16285000.0,Micro Cap,50.0,0,0,0,0,0,-0.5206017807798587
RDNI3,RNI Negócios Imobiliários S.A.,Finance,stock,89048536,https://icons.brapi.dev/icons/RDNI3.svg,2.11,,0.33170882,0.0,-77.82315590249625,-47.404,549856000.0,-78640000.0,Micro Cap,50.0,0,0,0,0,0,-6.99206510681587
RDOR3,Rede D'Or São Luiz S.A.,Health Services,stock,82355535872,https://icons.brapi.dev/icons/RDOR3.svg,37.32,20.064516,3.2471938,39.839999999999996,-38.87254013123965,15.899,43471024128.0,9822938112.0,Blue Chip,82.6923076923077,5,7,1,0,0,4.4254604510736435
REAG3,REAG Investimentos S.A.,Commercial Services,stock,563968000,https://icons.brapi.dev/icons/REAG3.svg,4.0,15.384616,0.69264066,0.0,-78.20163533054038,4.5969999999999995,1122000.0,-16336000.0,Micro Cap,50.0,0,0,0,0,0,-0.06868266405484819
RECV3,Petroreconcavo S.A.,Energy Minerals,stock,3618229248,https://icons.brapi.dev/icons/RECV3.svg,12.35,5.513393,0.81518155,97.81,7.635147838480716,14.887,1848477952.0,1647694976.0,Small Cap,67.3076923076923,2,5,6,0,0,1.121856884268366
REDE3,Rede Energia Participações S.A.,Utilities,stock,13548254208,https://icons.brapi.dev/icons/BRAPI.svg,6.42,9.727272,3.2588832,64.08,-0.8589606495141622,29.656,16451375104.0,4398628864.0,Mid Cap,50.0,0,0,0,0,0,3.7401143885186854
RENT3,Localiza Rent a Car S.A.,Finance,stock,35644465152,https://icons.brapi.dev/icons/RENT3.svg,33.8,15.504586,1.3985436,81.23,-21.515998908722423,9.140999599999999,43251912704.0,8677628928.0,Mid Cap,85.0,6,9,0,0,0,4.984300788022818
RENV11,Cpv Energia Fundo De Investimento Imobiliario Responsabilidade Limitada,Finance,fund,5852703,https://icons.brapi.dev/icons/RENV11.svg,5.7,,,,-43.18604126806448,,,,Micro Cap,50.0,0,0,0,0,0,
RNEW11,Renova Energia S.A.,Utilities,fund,474692416,https://icons.brapi.dev/icons/RNEW11.svg,2.99,,0.15237223,,-64.48834605499974,-11.6409995,759244032.0,66604000.0,Micro Cap,50.0,0,0,0,0,0,11.399375893339739
RNEW3,Renova Energia S.A.,Utilities,stock,371572000,https://icons.brapi.dev/icons/RNEW3.svg,1.0,,0.050960608,0.0,-84.75609742800867,-11.6409995,759244032.0,66604000.0,Micro Cap,50.0,0,0,0,0,0,11.399375893339739
RNEW4,Renova Energia S.A.,Utilities,stock,371498496,https://icons.brapi.dev/icons/RNEW4.svg,0.99,,0.050451003,0.0,-82.2580641026386,-11.6409995,759244032.0,66604000.0,Penny Stock,50.0,0,0,0,0,0,11.399375893339739
ROMI3,Romi S.A.,Producer Manufacturing,stock,703438848,https://icons.brapi.dev/icons/ROMI3.svg,7.55,7.7040815,0.5759842,83.669996,35.05865991528243,7.635,774712000.0,122517000.0,Micro Cap,50.0,0,0,0,0,0,6.323302072365467
RPMG3,Refinaria de Petróleos de Manguinhos S.A.,Energy Minerals,stock,196284496,https://icons.brapi.dev/icons/RPMG3.svg,2.9,,-0.028368795,0.0,-1.6949136104436047,,0.0,-1552060032.0,Micro Cap,50.0,0,0,0,0,0,-0.0
RSID3,Rossi Residencial S.A.,Consumer Durables,stock,39312252,https://icons.brapi.dev/icons/RSID3.svg,1.99,0.13676976,-0.04044222,0.0,-66.2139209737517,,379601984.0,-219470000.0,Micro Cap,50.0,0,0,0,0,0,-1.7296304005103202
RSUL4,Metalúrgica Riosulense S.A.,Producer Manufacturing,stock,163661472,https://icons.brapi.dev/icons/BRAPI.svg,65.59,6.789855,1.6888098,22.02,414.32658840252594,26.191,14019000.0,93691000.0,Micro Cap,50.0,0,0,0,0,0,0.14963016725192388
SANB11,Banco Santander (Brasil) S.A.,Finance,fund,131158605824,https://icons.brapi.dev/icons/SANB11.svg,25.94,12.678397,2.0959923,,28.512600442762693,13.873,335174205440.0,,Blue Chip,63.46153846153846,2,3,8,0,0,
SANB3,Banco Santander (Brasil) S.A.,Finance,stock,98394783744,https://icons.brapi.dev/icons/SANB3.svg,12.51,8.395973,1.0108274,51.5,33.4968075710113,13.873,335174205440.0,,Blue Chip,50.0,0,0,0,0,0,
SANB4,Banco Santander (Brasil) S.A.,Finance,stock,97076961280,https://icons.brapi.dev/icons/SANB4.svg,13.67,9.174497,1.1045572,56.65,29.621955849061578,13.873,335174205440.0,,Blue Chip,50.0,0,0,0,0,0,
SAPR11,Companhia de Saneamento do Paraná - SANEPAR,Utilities,fund,10200633344,https://icons.brapi.dev/icons/SAPR11.svg,33.75,41.71817,4.328033,,71.85307946264446,20.599002,6698072064.0,2177644032.0,Mid Cap,44.44444444444444,0,1,6,1,1,3.075834234417244
SAPR3,Companhia de Saneamento do Paraná - SANEPAR,Utilities,stock,10359331840,https://icons.brapi.dev/icons/SAPR3.svg,7.67,5.4785714,0.98358554,29.14,86.63961105076791,20.599002,6698072064.0,2177644032.0,Mid Cap,50.0,0,0,0,0,0,3.075834234417244
SAPR4,Companhia de Saneamento do Paraná - SANEPAR,Utilities,stock,10411545600,https://icons.brapi.dev/icons/SAPR4.svg,6.48,4.6285715,0.8309823,32.05,65.49001236162886,20.599002,6698072064.0,2177644032.0,Mid Cap,50.0,0,0,0,0,0,3.075834234417244
SBFG3,Grupo SBF S.A.,Retail Trade,stock,2345775616,https://icons.brapi.dev/icons/SBFG3.svg,10.1,7.5373135,0.8059369,40.919998,-59.79466332064403,13.22,2605676032.0,692384000.0,Small Cap,75.0,3,3,3,0,0,3.763339464805657
SBSP3,Companhia de Saneamento Básico do Estado de São Paulo - SABESP,Utilities,stock,78760861696,https://icons.brapi.dev/icons/SBSP3.svg,115.23,7.0520196,1.9474066,22.830000000000002,143.49510959952693,30.91,31283546112.0,19702732800.0,Blue Chip,80.0,6,7,1,1,0,1.5877770068525723
SCAR3,São Carlos Empreendimentos e Participações S.A.,Finance,stock,1135840896,https://icons.brapi.dev/icons/SCAR3.svg,19.85,,0.7428892,0.0,-44.65396379419696,17.183,1066131968.0,161094000.0,Micro Cap,50.0,0,0,1,0,0,6.61807372093312
SEER3,Ser Educacional S.A.,Consumer Services,stock,1071234496,https://icons.brapi.dev/icons/SEER3.svg,8.42,17.914894,0.85162336,0.0,-36.51322909213805,4.9099997,1694216960.0,475687008.0,Micro Cap,64.28571428571428,1,2,4,0,0,3.561621258321186
SEQL3,Sequoia Logística e Transportes S.A.,Transportation,stock,48299136,https://icons.brapi.dev/icons/SEQL3.svg,0.96,,-0.028869577,0.0,-99.60000039041005,,1007113024.0,-548161024.0,Penny Stock,100.0,1,0,0,0,0,-1.8372576303418464
SHOW3,T4F Entretenimento S.A.,Consumer Services,stock,41795812,https://icons.brapi.dev/icons/SHOW3.svg,6.2,,0.8198889,0.0,-75.20000076293945,-34.616002,68706000.0,1020000.0,Micro Cap,50.0,0,0,0,0,0,67.35882352941177
SHUL4,Schulz S.A.,Producer Manufacturing,stock,963001920,https://icons.brapi.dev/icons/SHUL4.svg,4.71,6.1973686,1.1476609,50.91,111.2288740887994,19.103001,831950976.0,347441984.0,Micro Cap,50.0,0,0,0,0,0,2.394503296412215
SIMH3,SIMPAR S.A.,Transportation,stock,3482683648,https://icons.brapi.dev/icons/SIMH3.svg,4.08,,1.0368488,0.0,-38.47429352124829,-2.844,59422158848.0,10757032960.0,Small Cap,77.77777777777779,3,4,2,0,0,5.524028704658724
SLCE3,SLC Agrícola S.A.,Process Industries,stock,7487248384,https://icons.brapi.dev/icons/SLCE3.svg,16.97,12.7593975,1.8707969,40.97,106.41239852412224,11.164,9622631424.0,2078349056.0,Small Cap,68.18181818181819,3,2,6,0,0,4.629939997913421
SMFT3,Smartfit Escola de Ginástica e Dança S.A.,Consumer Services,stock,13915853824,https://icons.brapi.dev/icons/SMFT3.svg,23.3,26.781609,2.4676974,66.14,-20.654501263165482,9.690999999999999,11449954304.0,1989737984.0,Mid Cap,85.41666666666667,5,7,0,0,0,5.754503555780739
SMTO3,São Martinho S.A.,Process Industries,stock,5378821632,https://icons.brapi.dev/icons/SMTO3.svg,16.37,10.629871,0.7847555,58.39,-16.560275917262935,7.6530000000000005,10324102144.0,3394733056.0,Small Cap,75.0,3,6,3,0,0,3.041211775327291
SNCI11,Suno Recebiveis Imobiliarios Fundo De Investimento Imobiliario,Finance,fund,351540000,https://icons.brapi.dev/icons/BRAPI.svg,83.7,14.814158,,204.42000000000002,26.870402191879418,,,,Micro Cap,50.0,0,0,0,0,0,
SNSY3,Sansuy S.A.,Producer Manufacturing,stock,46970660,https://icons.brapi.dev/icons/BRAPI.svg,11.0,1.0476191,-0.040321395,0.0,15.062756455831172,,277065984.0,130164000.0,Micro Cap,50.0,0,0,0,0,0,2.128591499953904
SNSY5,Sansuy S.A.,Producer Manufacturing,stock,47371924,https://icons.brapi.dev/icons/BRAPI.svg,3.54,0.33714285,-0.012976158,0.0,-54.32258113738029,,277065984.0,130164000.0,Micro Cap,50.0,0,0,0,0,0,2.128591499953904
SOJA3,Boa Safra Sementes S.A.,Process Industries,stock,1350580736,https://icons.brapi.dev/icons/SOJA3.svg,10.04,12.871796,0.99741703,38.009998,-31.474204074640035,9.372,919796992.0,185820000.0,Micro Cap,82.14285714285714,2,5,0,0,0,4.949935378323109
SRNA3,Serena Energia S.A.,Utilities,stock,7528297984,https://icons.brapi.dev/icons/SRNA3.svg,12.09,86.35715,1.1870397,0.0,2.4576267556396303,1.377,11584035840.0,1709235968.0,Small Cap,82.14285714285714,3,3,1,0,0,6.777318086486699
STBP3,Santos Brasil Participações S.A.,Transportation,stock,12210721792,https://icons.brapi.dev/icons/STBP3.svg,14.13,15.031915,15.226294,50.61,292.65432409583957,52.542995999999995,4272283904.0,1563696000.0,Mid Cap,67.85714285714286,1,3,3,0,0,2.7321703860596944
SUZB3,Suzano S.A.,Process Industries,stock,65515589632,https://icons.brapi.dev/icons/SUZB3.svg,53.01,8.308777,1.5187371,31.65,16.012961891571265,18.742001,98415149056.0,23519168512.0,Blue Chip,79.6875,5,9,2,0,0,4.184465492722943
SYNE3,Syn Prop & Tech S.A.,Finance,stock,1021188352,https://icons.brapi.dev/icons/SYNE3.svg,6.69,8.688312,0.9836789,432.95000000000005,42.38875443266594,5.2550003,863718976.0,-161640000.0,Micro Cap,100.0,1,0,0,0,0,-5.343473001732245
TAEE11,Transmissora Aliança de Energia Elétrica S.A.,Industrial Services,fund,11406362624,https://icons.brapi.dev/icons/TAEE11.svg,33.11,38.057472,1.6436657,0.0,89.37282220462465,24.912001,10425576448.0,2416171008.0,Mid Cap,25.0,0,0,4,5,4,4.314916623649844
TAEE3,Transmissora Aliança de Energia Elétrica S.A.,Industrial Services,stock,11340513280,https://icons.brapi.dev/icons/TAEE3.svg,10.94,6.323699,0.54308975,52.669996,89.5276867797766,24.912001,10425576448.0,2416171008.0,Mid Cap,50.0,0,0,0,0,0,4.314916623649844
TAEE4,Transmissora Aliança de Energia Elétrica S.A.,Industrial Services,stock,11415712768,https://icons.brapi.dev/icons/TAEE4.svg,11.09,6.4104047,0.55053616,52.669996,80.39037992061475,24.912001,10425576448.0,2416171008.0,Mid Cap,50.0,0,0,0,0,0,4.314916623649844
TASA3,Taurus Armas S.A.,Electronic Technology,stock,697140416,https://icons.brapi.dev/icons/TASA3.svg,5.38,6.183908,0.57750106,21.180001,37.662902089514795,9.645,802129024.0,164799008.0,Micro Cap,50.0,0,0,0,0,0,4.867317065403695
TASA4,Taurus Armas S.A.,Electronic Technology,stock,663493696,https://icons.brapi.dev/icons/TASA4.svg,4.56,5.2413793,0.48948047,21.180001,3.1436052993069508,9.645,802129024.0,164799008.0,Micro Cap,50.0,0,0,0,0,0,4.867317065403695
TCSA3,Tecnisa S.A.,Finance,stock,115582144,https://icons.brapi.dev/icons/TCSA3.svg,1.57,,0.36175114,0.0,-85.11848318419104,-40.839999999999996,572617984.0,-204940992.0,Micro Cap,37.5,0,0,1,1,0,-2.794062712451397
TECN3,Technos S.A.,Consumer Durables,stock,396299136,https://icons.brapi.dev/icons/TECN3.svg,6.5,7.142857,0.975683,26.38,610.7825889267676,15.248000000000001,100385000.0,76808000.0,Micro Cap,50.0,0,0,0,0,0,1.306960212477867
TELB3,Telecomunicações Brasileiras S.A. - Telebras,Communications,stock,930814208,https://icons.brapi.dev/icons/TELB3.svg,10.65,46.304344,0.62077403,0.0,-93.3009008330222,1.349,8310000.0,354446016.0,Micro Cap,50.0,0,0,0,0,0,0.023445037113916947
TELB4,Telecomunicações Brasileiras S.A. - Telebras,Communications,stock,973676800,https://icons.brapi.dev/icons/TELB4.svg,7.39,32.130432,0.43075308,0.0,-80.4290249073678,1.349,8310000.0,354446016.0,Micro Cap,50.0,0,0,0,0,0,0.023445037113916947
TEND3,Construtora Tenda S.A.,Finance,stock,2555751424,https://icons.brapi.dev/icons/TEND3.svg,20.85,6.7258067,2.166459,5.5,-29.073499737222864,36.42,1120647936.0,448296992.0,Small Cap,70.45454545454545,2,7,1,0,1,2.4997891040946354
TFCO4,Track & Field Co S.A.,Retail Trade,stock,2296558080,https://icons.brapi.dev/icons/TFCO4.svg,15.16,18.487804,4.899806,28.720000000000002,76.05464197520746,27.888,146322000.0,211168992.0,Small Cap,81.25,2,1,1,0,0,0.6929142324077581
TGMA3,Tegma Gestão Logística S.A.,Transportation,stock,2388267264,https://icons.brapi.dev/icons/TGMA3.svg,36.22,8.522353,2.4042485,60.709999999999994,111.13847391599765,,197063008.0,378580992.0,Small Cap,75.0,1,0,1,0,0,0.5205306451307519
TIMS3,TIM S.A.,Communications,stock,53992599552,https://icons.brapi.dev/icons/TIMS3.svg,22.33,14.986577,2.1671195,110.66,108.60887160720058,14.333001000000001,16223410176.0,10584400896.0,Blue Chip,75.0,4,6,4,0,0,1.53276603327932
TOKY3,N/A,Technology Services,stock,137494560,https://icons.brapi.dev/icons/BRAPI.svg,1.12,,0.42328045,0.0,12.000000476837158,-62.522999999999996,1057046976.0,-39697000.0,Micro Cap,50.0,0,0,1,0,0,-26.627880595510995
TOTS3,TOTVS S.A.,Technology Services,stock,24380520448,https://icons.brapi.dev/icons/TOTS3.svg,41.49,29.013988,4.978402,51.64,59.95929965821507,17.288,1692700032.0,1072534016.0,Mid Cap,66.66666666666666,2,2,5,0,0,1.5782250322585574
TPIS3,Triunfo Participações e Investimentos S.A.,Transportation,stock,155721984,https://icons.brapi.dev/icons/TPIS3.svg,3.59,,0.17778437,0.0,-21.875156949593077,-9.354,1352312064.0,520496000.0,Micro Cap,50.0,0,0,0,0,0,2.5981219144815713
TRAD3,TC S.A.,Technology Services,stock,287966752,https://icons.brapi.dev/icons/TRAD3.svg,7.3,,1.4495633,0.0,-91.7230361854876,-27.272999999999996,27000.0,-59387000.0,Micro Cap,50.0,0,0,0,0,0,-0.0004546449559667941
TRIS3,Trisul S.A.,Consumer Durables,stock,1147758976,https://icons.brapi.dev/icons/TRIS3.svg,6.39,6.2647057,0.7477183,3.55,-35.15543571103815,13.741,965427008.0,225164000.0,Micro Cap,66.66666666666666,1,0,2,0,0,4.287661473414933
TTEN3,Três Tentos Agroindustrial S/A,Commercial Services,stock,7038860800,https://icons.brapi.dev/icons/TTEN3.svg,14.1,13.960397,1.6906475,18.9,23.38088953876416,20.844999,2233095936.0,1292072960.0,Small Cap,75.0,2,4,2,0,0,1.7283048288542469
TUPY3,Tupy S.A.,Producer Manufacturing,stock,1799252992,https://icons.brapi.dev/icons/TUPY3.svg,13.74,39.25714,0.5688028,395.73998,-4.601730346806987,-1.0369998999999999,4044183040.0,1010851968.0,Micro Cap,50.0,0,2,6,0,1,4.000766846209474
UCAS3,Unicasa Indústria de Móveis S.A.,Consumer Durables,stock,85251456,https://icons.brapi.dev/icons/UCAS3.svg,1.29,21.5,0.4630294,284.10997,-58.37093795285866,-0.63099996,112144000.0,7723000.0,Micro Cap,50.0,0,0,0,0,0,14.520782079502784
UGPA3,Ultrapar Participações S.A.,Retail Trade,stock,18457843712,https://icons.brapi.dev/icons/UGPA3.svg,17.26,6.5627375,1.1915776,26.669999999999998,121.6399319273401,18.733,18937993216.0,5893960192.0,Mid Cap,60.9375,3,3,8,2,0,3.2131186161903416
UNIP3,Unipar Carbocloro S.A.,Process Industries,stock,6279826944,https://icons.brapi.dev/icons/UNIP3.svg,52.93,7.7723937,2.125276,28.910000000000004,200.86752166961057,28.716,2805159936.0,1421228032.0,Small Cap,50.0,0,0,0,0,0,1.9737578156634614
UNIP6,Unipar Carbocloro S.A.,Process Industries,stock,6296409088,https://icons.brapi.dev/icons/UNIP6.svg,58.13,8.54853,2.3340695,31.8,301.3923479471171,28.716,2805159936.0,1421228032.0,Small Cap,75.0,0,2,0,0,0,1.9737578156634614
USIM3,Usinas Siderúrgicas de Minas Gerais S.A.,Non-Energy Minerals,stock,5180861440,https://icons.brapi.dev/icons/USIM3.svg,4.29,10.463414,0.21751255,0.0,-47.664093650093555,1.9849999999999999,8470974976.0,1859559040.0,Small Cap,50.0,0,0,0,0,0,4.555367586500507
USIM5,Usinas Siderúrgicas de Minas Gerais S.A.,Non-Energy Minerals,stock,5079229952,https://icons.brapi.dev/icons/USIM5.svg,4.02,9.804878,0.20382296,0.0,-48.44187525498352,1.9849999999999999,8470974976.0,1859559040.0,Small Cap,55.35714285714286,3,0,9,1,1,4.555367586500507
VALE3,Vale S.A.,Non-Energy Minerals,stock,227269853184,https://icons.brapi.dev/icons/VALE3.svg,53.24,8.078908,1.0611497,67.95,46.16943427440445,12.837000000000002,110776999936.0,71611998208.0,Blue Chip,72.91666666666666,3,5,4,0,0,1.5469055843720998
VAMO3,"Vamos Locação de Caminhões, Máquinas e Equipamentos S.A.",Finance,stock,3944532992,https://icons.brapi.dev/icons/VAMO3.svg,3.7,7.2549024,1.5145313,52.370000000000005,-48.21000788116737,14.401,16702650368.0,3478121984.0,Small Cap,72.91666666666666,4,4,3,1,0,4.802203730874092
VBBR3,Vibra Energia S.A.,Retail Trade,stock,22996441088,https://icons.brapi.dev/icons/VBBR3.svg,20.66,4.1155376,1.1029843,26.200000000000003,33.250476633106544,29.847,25696000000.0,9489999872.0,Mid Cap,75.0,4,8,4,0,0,2.7076923442133425
VITT3,Vittia S.A.,Process Industries,stock,702757696,https://icons.brapi.dev/icons/VITT3.svg,4.75,10.326087,1.167937,35.650003000000005,-40.60610266781096,11.77,211112000.0,100807000.0,Micro Cap,83.33333333333333,1,2,0,0,0,2.094219647445118
VIVA3,Vivara Participações S.A.,Consumer Durables,stock,6411886080,https://icons.brapi.dev/icons/VIVA3.svg,27.27,9.5349655,2.3210487,23.07,38.0824459559941,27.297002,1069810240.0,722055552.0,Small Cap,80.76923076923077,4,8,1,0,0,1.4816176359793436
VIVR3,Viver Incorporadora e Construtora S.A.,Consumer Durables,stock,26856270,https://icons.brapi.dev/icons/VIVR3.svg,0.7,,0.18888289,0.0,-94.74290641024577,-56.481,26533000.0,2491000.0,Penny Stock,50.0,0,0,0,0,0,10.65154556403051
VIVT3,Telefônica Brasil S.A.,Communications,stock,109380050944,https://icons.brapi.dev/icons/VIVT3.svg,33.9,18.938549,1.6067113,61.18,84.34213980404934,8.485,20342908928.0,18164494336.0,Blue Chip,73.21428571428572,3,7,4,0,0,1.1199270704542887
VLID3,Valid Soluções S.A.,Commercial Services,stock,1608724352,https://icons.brapi.dev/icons/VLID3.svg,20.42,5.752113,0.9228544,76.339996,157.9987898882469,16.431,573385024.0,281140992.0,Micro Cap,50.0,0,0,0,0,0,2.0394927823261004
VSTE3,Veste S.A. Estilo,Consumer Non-Durables,stock,664280512,https://icons.brapi.dev/icons/VSTE3.svg,5.81,Infinity,0.6332425,,-85.69115247234164,,,,Micro Cap,100.0,1,0,0,0,0,
VTRU3,"Vitru Brasil Empreendimentos, Participações e Comércio S.A.",Commercial Services,stock,1363260544,https://icons.brapi.dev/icons/VTRU3.svg,10.2,3.642857,0.49948582,0.77,-29.40753008346504,15.574999,2693208064.0,679569024.0,Micro Cap,78.57142857142857,2,4,1,0,0,3.96311186779461
VULC3,Vulcabras S.A.,Consumer Non-Durables,stock,5426470400,https://icons.brapi.dev/icons/VULC3.svg,19.72,6.707483,2.273723,55.189997000000005,406.4244189232487,36.035000000000004,396548000.0,812033984.0,Small Cap,87.5,2,2,0,0,0,0.48833916783463094
VVEO3,CM Hospitalar S/A,Distribution Services,stock,262120640,https://icons.brapi.dev/icons/VVEO3.svg,0.83,,0.14666902,0.0,-95.90901561996893,-57.905996,4139994112.0,-540985024.0,Penny Stock,35.0,0,0,6,2,2,-7.65269633785648
WEGE3,WEG S.A.,Producer Manufacturing,stock,149366915072,https://icons.brapi.dev/icons/WEGE3.svg,35.6,23.267973,6.7233233,33.52,16.955227400855488,31.330000000000002,3352291072.0,8780464128.0,Blue Chip,65.38461538461539,3,5,3,1,1,0.3817897349309688
WEST3,Westwing Comércio Varejista S.A.,Retail Trade,stock,47436712,https://icons.brapi.dev/icons/WEST3.svg,4.27,,0.21676227,0.0,-96.31578953864545,-6.21,7761000.0,-22338000.0,Micro Cap,50.0,0,0,0,0,0,-0.34743486435670157
WHRL3,Whirlpool S.A.,Consumer Durables,stock,6606619136,https://icons.brapi.dev/icons/BRAPI.svg,4.32,8.0,2.4120605,92.65,-6.23674812371492,34.443,2038326016.0,1402139008.0,Small Cap,50.0,0,0,0,0,0,1.4537260602338224
WHRL4,Whirlpool S.A.,Consumer Durables,stock,6575236608,https://icons.brapi.dev/icons/WHRL4.svg,4.54,8.407407,2.5348966,101.91001,-5.991118936405105,34.443,2038326016.0,1402139008.0,Small Cap,50.0,0,0,0,0,0,1.4537260602338224
WIZC3,Wiz Co Participações e Corretagem de Seguros S.A.,Finance,stock,1261666304,https://icons.brapi.dev/icons/WIZC3.svg,7.89,6.8017244,1.9636635,21.66,1.300828557471756,26.828999999999997,416044000.0,692873024.0,Micro Cap,66.66666666666666,1,0,2,0,0,0.6004621129541912
WLMM4,WLM Participações e Comércio de Máquinas e Veículos S.A.,Distribution Services,stock,812599168,https://icons.brapi.dev/icons/BRAPI.svg,21.0,6.4615383,0.98898,21.370001,26.99455263797448,14.716999999999999,449152992.0,207418000.0,Micro Cap,50.0,0,0,0,0,0,2.16544847602426
WSEC11,Warren Securities Fundo De Investimento Imobiliario - FII,Producer Manufacturing,fund,16384922,https://icons.brapi.dev/icons/BRAPI.svg,6.67,,,,114.18430073010674,,,,Micro Cap,50.0,0,0,0,0,0,
YDUQ3,Yduqs Participações S.A.,Commercial Services,stock,3434976000,https://icons.brapi.dev/icons/YDUQ3.svg,13.06,12.5576935,1.1606826,0.0,-53.75078410951535,10.083999500000001,5369784832.0,1304610944.0,Small Cap,73.07692307692308,2,8,3,0,0,4.116004742023688
ZAMP3,Zamp S.A.,Consumer Services,stock,1388255488,https://icons.brapi.dev/icons/ZAMP3.svg,3.48,,0.9428339,0.0,-67.04545567433036,-13.885,1995031040.0,323540992.0,Micro Cap,65.0,2,1,1,0,1,6.166238867191209
